"StartDate","EndDate","Status","IPAddress","Progress","Duration..in.seconds.","Finished","RecordedDate","ResponseId","RecipientLastName","RecipientFirstName","RecipientEmail","ExternalReference","LocationLatitude","LocationLongitude","DistributionChannel","UserLanguage","consent","attn_check_1","attn_check_2","attn_check_3_1","attn_check_3_2","attn_check_3_3","attn_check_4","ys_con_q1_1","ys_con_q2_1","ys_con_q3_1","ys_con_comp_1","ys_con_comp_2","ys_lib_q1_1","ys_lib_q2_1","ys_lib_q3_1","ys_lib_comp_1","ys_lib_comp_2","st_con_q1_1","st_con_q2_1","st_con_q3_1","st_con_comp_1","st_con_comp_2","st_lib_q1_1","st_lib_q2_1","st_lib_q3_1","st_lib_comp_1","st_lib_comp_2","gender","gender_4_TEXT","ethnicity","ethnicity_5_TEXT","age","education","education_9_TEXT","comments","StudyID","FL_5_DO"
"1/14/22 12:58","1/14/22 12:59",0,"Anonymized",100,47,1,"1/14/22 12:59","R_DdCRJ7NanHGoqw9",NA,NA,NA,NA,"Anonymized","Anonymized","anonymous","EN",1,2,1,15,30,61,1,NA,NA,NA,NA,NA,58,29,68,2,1,NA,NA,NA,NA,NA,NA,NA,NA,NA,NA,NA,"",NA,"",NA,NA,NA,"test","cmc_6","YoungScouting,Liberal"
"1/14/22 13:08","1/14/22 13:09",0,"Anonymized",100,66,1,"1/14/22 13:09","R_RWSKHtXi3ZzG5KV",NA,NA,NA,NA,"Anonymized","Anonymized","anonymous","EN",1,2,2,NA,NA,NA,NA,NA,NA,NA,NA,NA,NA,NA,NA,NA,NA,NA,NA,NA,NA,NA,58,53,39,1,2,1,"",1,"",39,5,NA,"","cmc_6","SciTech,Liberal"
"1/14/22 13:08","1/14/22 13:10",0,"Anonymized",100,103,1,"1/14/22 13:10","R_3im9J6qWhnev8pM",NA,NA,NA,NA,"Anonymized","Anonymized","anonymous","EN",1,2,2,NA,NA,NA,NA,NA,NA,NA,NA,NA,NA,NA,NA,NA,NA,80,31,35,2,1,NA,NA,NA,NA,NA,2,"",1,"",35,5,NA,"","cmc_6","SciTech,Conservative"
"1/14/22 13:08","1/14/22 13:10",0,"Anonymized",100,120,1,"1/14/22 13:10","R_sdvZ9JTZjlUPDCp",NA,NA,NA,NA,"Anonymized","Anonymized","anonymous","EN",1,2,2,NA,NA,NA,NA,NA,NA,NA,NA,NA,70,40,100,2,3,NA,NA,NA,NA,NA,NA,NA,NA,NA,NA,1,"",1,"",36,6,NA,"Thank you","cmc_6","YoungScouting,Liberal"
"1/14/22 13:09","1/14/22 13:10",0,"Anonymized",100,108,1,"1/14/22 13:10","R_1jYVqq787sJgBEc",NA,NA,NA,NA,"Anonymized","Anonymized","anonymous","EN",1,2,2,NA,NA,NA,NA,NA,NA,NA,NA,NA,NA,NA,NA,NA,NA,NA,NA,NA,NA,NA,30,81,79,2,3,1,"",1,"",40,5,NA,"","cmc_6","SciTech,Liberal"
"1/14/22 13:08","1/14/22 13:11",0,"Anonymized",100,137,1,"1/14/22 13:11","R_3P4TYVwoh98UqAP",NA,NA,NA,NA,"Anonymized","Anonymized","anonymous","EN",1,2,2,NA,NA,NA,NA,NA,NA,NA,NA,NA,30,0,0,2,3,NA,NA,NA,NA,NA,NA,NA,NA,NA,NA,1,"",1,"",41,5,NA,"","cmc_6","YoungScouting,Liberal"
"1/14/22 13:10","1/14/22 13:11",0,"Anonymized",100,80,1,"1/14/22 13:11","R_3HFVfNAOfwh4oWv",NA,NA,NA,NA,"Anonymized","Anonymized","anonymous","EN",1,2,2,NA,NA,NA,NA,NA,NA,NA,NA,NA,NA,NA,NA,NA,NA,NA,NA,NA,NA,NA,50,60,40,1,3,2,"",1,"",19,4,NA,"","cmc_6","SciTech,Liberal"
"1/14/22 13:10","1/14/22 13:11",0,"Anonymized",100,95,1,"1/14/22 13:11","R_1pS5eqhbc9atU61",NA,NA,NA,NA,"Anonymized","Anonymized","anonymous","EN",1,2,2,NA,NA,NA,NA,NA,NA,NA,NA,NA,NA,NA,NA,NA,NA,87,57,74,3,1,NA,NA,NA,NA,NA,2,"",1,"",38,5,NA,"","cmc_6","SciTech,Conservative"
"1/14/22 13:08","1/14/22 13:12",0,"Anonymized",100,187,1,"1/14/22 13:12","R_26kCAcczg5RhYYQ",NA,NA,NA,NA,"Anonymized","Anonymized","anonymous","EN",1,2,2,NA,NA,NA,NA,29,100,60,2,1,NA,NA,NA,NA,NA,NA,NA,NA,NA,NA,NA,NA,NA,NA,NA,2,"",3,"",59,7,NA,"","cmc_6","YoungScouting,Conservative"
"1/14/22 13:10","1/14/22 13:12",0,"Anonymized",100,104,1,"1/14/22 13:12","R_rkdo2Ja2CRUaYH7",NA,NA,NA,NA,"Anonymized","Anonymized","anonymous","EN",1,2,2,NA,NA,NA,NA,NA,NA,NA,NA,NA,99,65,78,1,3,NA,NA,NA,NA,NA,NA,NA,NA,NA,NA,1,"",1,"",64,5,NA,"","cmc_6","YoungScouting,Liberal"
"1/14/22 13:10","1/14/22 13:12",0,"Anonymized",100,155,1,"1/14/22 13:12","R_2Qtu3tsQSw0c2DB",NA,NA,NA,NA,"Anonymized","Anonymized","anonymous","EN",1,2,2,NA,NA,NA,NA,NA,NA,NA,NA,NA,NA,NA,NA,NA,NA,95,0,26,2,1,NA,NA,NA,NA,NA,1,"",1,"",68,4,NA,"none","cmc_6","SciTech,Conservative"
"1/14/22 13:12","1/14/22 13:13",0,"Anonymized",100,57,1,"1/14/22 13:13","R_1dKvwkWClwzaZGJ",NA,NA,NA,NA,"Anonymized","Anonymized","anonymous","EN",1,2,2,NA,NA,NA,NA,NA,NA,NA,NA,NA,NA,NA,NA,NA,NA,NA,NA,NA,NA,NA,42,1,50,2,3,1,"",1,"",28,5,NA,"","cmc_6","SciTech,Liberal"
"1/14/22 13:11","1/14/22 13:13",0,"Anonymized",100,133,1,"1/14/22 13:13","R_3r2IVXkrXgqezgd",NA,NA,NA,NA,"Anonymized","Anonymized","anonymous","EN",1,2,2,NA,NA,NA,NA,70,0,20,2,1,NA,NA,NA,NA,NA,NA,NA,NA,NA,NA,NA,NA,NA,NA,NA,1,"",1,"",40,2,NA,"","cmc_6","YoungScouting,Conservative"
"1/14/22 13:10","1/14/22 13:13",0,"Anonymized",100,172,1,"1/14/22 13:13","R_1fa8wauZPdI7i4t",NA,NA,NA,NA,"Anonymized","Anonymized","anonymous","EN",1,2,2,NA,NA,NA,NA,NA,NA,NA,NA,NA,89,2,100,1,3,NA,NA,NA,NA,NA,NA,NA,NA,NA,NA,2,"",1,"",44,4,NA,"I enjoyed the survey. thank you ","cmc_6","YoungScouting,Liberal"
"1/14/22 13:11","1/14/22 13:14",0,"Anonymized",100,144,1,"1/14/22 13:14","R_3CW2OWMufmcn0Tz",NA,NA,NA,NA,"Anonymized","Anonymized","anonymous","EN",1,2,2,NA,NA,NA,NA,50,1,10,2,1,NA,NA,NA,NA,NA,NA,NA,NA,NA,NA,NA,NA,NA,NA,NA,2,"",1,"",29,5,NA,"","cmc_6","YoungScouting,Conservative"
"1/14/22 13:10","1/14/22 13:14",0,"Anonymized",100,222,1,"1/14/22 13:14","R_DergRCUTb5qxowp",NA,NA,NA,NA,"Anonymized","Anonymized","anonymous","EN",1,2,2,NA,NA,NA,NA,NA,NA,NA,NA,NA,NA,NA,NA,NA,NA,NA,NA,NA,NA,NA,75,75,50,2,3,2,"",2,"",62,6,NA,"I do not have any comments.","cmc_6","SciTech,Liberal"
"1/14/22 13:10","1/14/22 13:14",0,"Anonymized",100,217,1,"1/14/22 13:14","R_279HRjMVCWK3VqN",NA,NA,NA,NA,"Anonymized","Anonymized","anonymous","EN",1,2,2,NA,NA,NA,NA,NA,NA,NA,NA,NA,NA,NA,NA,NA,NA,46,34,97,2,1,NA,NA,NA,NA,NA,2,"",1,"",41,5,NA,"","cmc_6","SciTech,Conservative"
"1/14/22 13:12","1/14/22 13:14",0,"Anonymized",100,106,1,"1/14/22 13:14","R_D5YClE71cj48h0d",NA,NA,NA,NA,"Anonymized","Anonymized","anonymous","EN",1,2,2,NA,NA,NA,NA,NA,NA,NA,NA,NA,NA,NA,NA,NA,NA,50,50,10,2,1,NA,NA,NA,NA,NA,4,"non-binary",1,"",36,6,NA,"","cmc_6","SciTech,Conservative"
"1/14/22 13:13","1/14/22 13:15",0,"Anonymized",100,108,1,"1/14/22 13:15","R_1nZ6nuvrLGEMfBy",NA,NA,NA,NA,"Anonymized","Anonymized","anonymous","EN",1,2,2,NA,NA,NA,NA,NA,NA,NA,NA,NA,NA,NA,NA,NA,NA,NA,NA,NA,NA,NA,61,72,23,2,2,2,"",4,"",27,4,NA,"","cmc_6","SciTech,Liberal"
"1/14/22 13:12","1/14/22 13:15",0,"Anonymized",100,142,1,"1/14/22 13:15","R_1EWLz6COMzdAMgh",NA,NA,NA,NA,"Anonymized","Anonymized","anonymous","EN",1,2,2,NA,NA,NA,NA,NA,NA,NA,NA,NA,65,50,0,2,3,NA,NA,NA,NA,NA,NA,NA,NA,NA,NA,2,"",1,"",54,4,NA,"Best wishes with your research!","cmc_6","YoungScouting,Liberal"
"1/14/22 13:13","1/14/22 13:15",0,"Anonymized",100,121,1,"1/14/22 13:15","R_1KrTiiOG3iG9Lxt",NA,NA,NA,NA,"Anonymized","Anonymized","anonymous","EN",1,2,2,NA,NA,NA,NA,NA,NA,NA,NA,NA,NA,NA,NA,NA,NA,30,20,35,2,1,NA,NA,NA,NA,NA,1,"",1,"",35,4,NA,"","cmc_6","SciTech,Conservative"
"1/14/22 13:14","1/14/22 13:15",0,"Anonymized",100,81,1,"1/14/22 13:15","R_1jv9JXjlhczWuPZ",NA,NA,NA,NA,"Anonymized","Anonymized","anonymous","EN",1,2,2,NA,NA,NA,NA,NA,NA,NA,NA,NA,NA,NA,NA,NA,NA,69,46,60,2,1,NA,NA,NA,NA,NA,2,"",1,"",51,5,NA,"","cmc_6","SciTech,Conservative"
"1/14/22 13:13","1/14/22 13:15",0,"Anonymized",100,145,1,"1/14/22 13:15","R_8e5rErgutnMT7Md",NA,NA,NA,NA,"Anonymized","Anonymized","anonymous","EN",1,2,2,NA,NA,NA,NA,19,87,68,2,1,NA,NA,NA,NA,NA,NA,NA,NA,NA,NA,NA,NA,NA,NA,NA,2,"",1,"",28,6,NA,"Nothing to add at this time. ","cmc_6","YoungScouting,Conservative"
"1/14/22 13:14","1/14/22 13:16",0,"Anonymized",100,123,1,"1/14/22 13:16","R_1fcNU4yg4fGwFrQ",NA,NA,NA,NA,"Anonymized","Anonymized","anonymous","EN",1,2,2,NA,NA,NA,NA,NA,NA,NA,NA,NA,NA,NA,NA,NA,NA,NA,NA,NA,NA,NA,100,100,100,1,3,1,"",1,"",45,2,NA,"","cmc_6","SciTech,Liberal"
"1/14/22 13:15","1/14/22 13:16",0,"Anonymized",100,90,1,"1/14/22 13:16","R_3GrAOS6kiqm3sKU",NA,NA,NA,NA,"Anonymized","Anonymized","anonymous","EN",1,2,2,NA,NA,NA,NA,40,21,17,2,1,NA,NA,NA,NA,NA,NA,NA,NA,NA,NA,NA,NA,NA,NA,NA,2,"",1,"",51,2,NA,"","cmc_6","YoungScouting,Conservative"
"1/14/22 13:13","1/14/22 13:16",0,"Anonymized",100,175,1,"1/14/22 13:16","R_1NEqzjNlkWsQTnr",NA,NA,NA,NA,"Anonymized","Anonymized","anonymous","EN",1,2,2,NA,NA,NA,NA,NA,NA,NA,NA,NA,62,100,20,2,3,NA,NA,NA,NA,NA,NA,NA,NA,NA,NA,2,"",1,"",63,2,NA,"","cmc_6","YoungScouting,Liberal"
"1/14/22 13:15","1/14/22 13:16",0,"Anonymized",100,92,1,"1/14/22 13:16","R_AnYYvTHuYlg53tD",NA,NA,NA,NA,"Anonymized","Anonymized","anonymous","EN",1,2,2,NA,NA,NA,NA,25,50,3,2,1,NA,NA,NA,NA,NA,NA,NA,NA,NA,NA,NA,NA,NA,NA,NA,1,"",2,"",32,5,NA,"","cmc_6","YoungScouting,Conservative"
"1/14/22 13:15","1/14/22 13:17",0,"Anonymized",100,95,1,"1/14/22 13:17","R_AnZaGNEuqeF8WD7",NA,NA,NA,NA,"Anonymized","Anonymized","anonymous","EN",1,2,2,NA,NA,NA,NA,NA,NA,NA,NA,NA,NA,NA,NA,NA,NA,90,5,30,3,1,NA,NA,NA,NA,NA,1,"",3,"",39,5,NA,"","cmc_6","SciTech,Conservative"
"1/14/22 13:14","1/14/22 13:17",0,"Anonymized",100,186,1,"1/14/22 13:17","R_2CTd1nxhStyfY9C",NA,NA,NA,NA,"Anonymized","Anonymized","anonymous","EN",1,2,2,NA,NA,NA,NA,NA,NA,NA,NA,NA,70,65,49,2,3,NA,NA,NA,NA,NA,NA,NA,NA,NA,NA,2,"",1,"",50,5,NA,"","cmc_6","YoungScouting,Liberal"
"1/14/22 13:17","1/14/22 13:18",0,"Anonymized",100,39,1,"1/14/22 13:18","R_5o1hwyRxo156pHz",NA,NA,NA,NA,"Anonymized","Anonymized","anonymous","EN",1,2,2,NA,NA,NA,NA,NA,NA,NA,NA,NA,65,77,21,3,3,NA,NA,NA,NA,NA,NA,NA,NA,NA,NA,1,"",3,"",30,6,NA,"","cmc_6","YoungScouting,Liberal"
"1/14/22 13:18","1/14/22 13:20",0,"Anonymized",100,130,1,"1/14/22 13:20","R_1NeJctM3V2u4A4x",NA,NA,NA,NA,"Anonymized","Anonymized","anonymous","EN",1,2,2,NA,NA,NA,NA,NA,NA,NA,NA,NA,NA,NA,NA,NA,NA,NA,NA,NA,NA,NA,15,50,0,2,3,1,"",1,"",51,4,NA,"","cmc_6","SciTech,Liberal"
"1/14/22 13:18","1/14/22 13:20",0,"Anonymized",100,144,1,"1/14/22 13:20","R_bvEdRoVGQ2Efpdv",NA,NA,NA,NA,"Anonymized","Anonymized","anonymous","EN",1,2,2,NA,NA,NA,NA,NA,NA,NA,NA,NA,NA,NA,NA,NA,NA,72,51,100,2,1,NA,NA,NA,NA,NA,2,"",1,"",55,4,NA,"","cmc_6","SciTech,Conservative"
"1/14/22 13:18","1/14/22 13:20",0,"Anonymized",100,157,1,"1/14/22 13:20","R_29s8u2xZi24nQRj",NA,NA,NA,NA,"Anonymized","Anonymized","anonymous","EN",1,2,2,NA,NA,NA,NA,70,58,50,2,1,NA,NA,NA,NA,NA,NA,NA,NA,NA,NA,NA,NA,NA,NA,NA,3,"",5,"prefer not to disclose",36,5,NA,"thank you","cmc_6","YoungScouting,Conservative"
"1/14/22 13:20","1/14/22 13:21",0,"Anonymized",100,52,1,"1/14/22 13:21","R_5nCoMFSj0vIYOxH",NA,NA,NA,NA,"Anonymized","Anonymized","anonymous","EN",1,2,2,NA,NA,NA,NA,65,2,14,2,1,NA,NA,NA,NA,NA,NA,NA,NA,NA,NA,NA,NA,NA,NA,NA,2,"",3,"",20,4,NA,"","cmc_6","YoungScouting,Conservative"
"1/14/22 13:18","1/14/22 13:21",0,"Anonymized",100,159,1,"1/14/22 13:21","R_2aM4N8BVFJm0YGa",NA,NA,NA,NA,"Anonymized","Anonymized","anonymous","EN",1,2,2,NA,NA,NA,NA,NA,NA,NA,NA,NA,10,60,0,2,3,NA,NA,NA,NA,NA,NA,NA,NA,NA,NA,2,"",1,"",22,2,NA,"","cmc_6","YoungScouting,Liberal"
"1/14/22 13:19","1/14/22 13:21",0,"Anonymized",100,137,1,"1/14/22 13:21","R_2PpA3UGfg1MBRw4",NA,NA,NA,NA,"Anonymized","Anonymized","anonymous","EN",1,2,2,NA,NA,NA,NA,NA,NA,NA,NA,NA,NA,NA,NA,NA,NA,NA,NA,NA,NA,NA,80,20,100,2,3,2,"",1,"",64,4,NA,"","cmc_6","SciTech,Liberal"
"1/14/22 13:20","1/14/22 13:22",0,"Anonymized",100,103,1,"1/14/22 13:22","R_2SoYA7ZRKBVERzJ",NA,NA,NA,NA,"Anonymized","Anonymized","anonymous","EN",1,2,2,NA,NA,NA,NA,NA,NA,NA,NA,NA,NA,NA,NA,NA,NA,80,10,30,2,1,NA,NA,NA,NA,NA,2,"",1,"",49,6,NA,"","cmc_6","SciTech,Conservative"
"1/14/22 13:19","1/14/22 13:22",0,"Anonymized",100,152,1,"1/14/22 13:22","R_331OAkH9iZNLO5R",NA,NA,NA,NA,"Anonymized","Anonymized","anonymous","EN",1,2,2,NA,NA,NA,NA,65,5,5,2,1,NA,NA,NA,NA,NA,NA,NA,NA,NA,NA,NA,NA,NA,NA,NA,2,"",1,"",40,5,NA,"","cmc_6","YoungScouting,Conservative"
"1/14/22 13:20","1/14/22 13:22",0,"Anonymized",100,124,1,"1/14/22 13:22","R_21Eqw6RUaeZZzxG",NA,NA,NA,NA,"Anonymized","Anonymized","anonymous","EN",1,2,2,NA,NA,NA,NA,NA,NA,NA,NA,NA,NA,NA,NA,NA,NA,NA,NA,NA,NA,NA,0,72,75,2,3,2,"",1,"",50,4,NA,"","cmc_6","SciTech,Liberal"
"1/14/22 13:21","1/14/22 13:23",0,"Anonymized",100,109,1,"1/14/22 13:23","R_yW9YIrAtfJqOtdD",NA,NA,NA,NA,"Anonymized","Anonymized","anonymous","EN",1,2,2,NA,NA,NA,NA,NA,NA,NA,NA,NA,NA,NA,NA,NA,NA,NA,NA,NA,NA,NA,98,100,50,2,3,1,"",3,"",35,5,NA,"","cmc_6","SciTech,Liberal"
"1/14/22 13:20","1/14/22 13:23",0,"Anonymized",100,159,1,"1/14/22 13:23","R_2YkX8Im7MWvU9wp",NA,NA,NA,NA,"Anonymized","Anonymized","anonymous","EN",1,2,2,NA,NA,NA,NA,NA,NA,NA,NA,NA,70,70,10,2,3,NA,NA,NA,NA,NA,NA,NA,NA,NA,NA,1,"",1,"",40,5,NA,"","cmc_6","YoungScouting,Liberal"
"1/14/22 13:21","1/14/22 13:23",0,"Anonymized",100,101,1,"1/14/22 13:23","R_vdUUqouNzUtsqMV",NA,NA,NA,NA,"Anonymized","Anonymized","anonymous","EN",1,2,2,NA,NA,NA,NA,NA,NA,NA,NA,NA,NA,NA,NA,NA,NA,100,0,0,2,1,NA,NA,NA,NA,NA,2,"",1,"",50,2,NA,"","cmc_6","SciTech,Conservative"
"1/14/22 13:22","1/14/22 13:23",0,"Anonymized",100,80,1,"1/14/22 13:23","R_5ihJVNbAvXz4XcJ",NA,NA,NA,NA,"Anonymized","Anonymized","anonymous","EN",1,2,2,NA,NA,NA,NA,NA,NA,NA,NA,NA,NA,NA,NA,NA,NA,70,50,60,2,1,NA,NA,NA,NA,NA,2,"",1,"",34,5,NA,"","cmc_6","SciTech,Conservative"
"1/14/22 13:21","1/14/22 13:24",0,"Anonymized",100,193,1,"1/14/22 13:24","R_vw9n1fsOOarAkCt",NA,NA,NA,NA,"Anonymized","Anonymized","anonymous","EN",1,2,2,NA,NA,NA,NA,NA,NA,NA,NA,NA,30,83,10,2,3,NA,NA,NA,NA,NA,NA,NA,NA,NA,NA,2,"",1,"",38,5,NA,"","cmc_6","YoungScouting,Liberal"
"1/14/22 13:22","1/14/22 13:24",0,"Anonymized",100,109,1,"1/14/22 13:24","R_3JnnMPpR3VJ7D3J",NA,NA,NA,NA,"Anonymized","Anonymized","anonymous","EN",1,2,2,NA,NA,NA,NA,75,0,2,2,1,NA,NA,NA,NA,NA,NA,NA,NA,NA,NA,NA,NA,NA,NA,NA,2,"",1,"",42,5,NA,"","cmc_6","YoungScouting,Conservative"
"1/14/22 13:23","1/14/22 13:24",0,"Anonymized",100,49,1,"1/14/22 13:24","R_ysSeVHYjG8ngMIp",NA,NA,NA,NA,"Anonymized","Anonymized","anonymous","EN",1,2,2,NA,NA,NA,NA,NA,NA,NA,NA,NA,NA,NA,NA,NA,NA,NA,NA,NA,NA,NA,49,62,62,3,2,1,"",3,"",42,5,NA,"na","cmc_6","SciTech,Liberal"
"1/14/22 13:22","1/14/22 13:24",0,"Anonymized",100,130,1,"1/14/22 13:24","R_z8O6DpMzYHc8Kl3",NA,NA,NA,NA,"Anonymized","Anonymized","anonymous","EN",1,2,2,NA,NA,NA,NA,80,20,17,2,1,NA,NA,NA,NA,NA,NA,NA,NA,NA,NA,NA,NA,NA,NA,NA,2,"",1,"",27,5,NA,"","cmc_6","YoungScouting,Conservative"
"1/14/22 13:22","1/14/22 13:25",0,"Anonymized",100,201,1,"1/14/22 13:25","R_1LcAfH0rlB1cmQV",NA,NA,NA,NA,"Anonymized","Anonymized","anonymous","EN",1,2,2,NA,NA,NA,NA,NA,NA,NA,NA,NA,76,72,18,1,3,NA,NA,NA,NA,NA,NA,NA,NA,NA,NA,2,"",1,"",43,6,NA,"","cmc_6","YoungScouting,Liberal"
"1/14/22 13:25","1/14/22 13:26",0,"Anonymized",100,63,1,"1/14/22 13:26","R_1ONxWs2PrJNU2We",NA,NA,NA,NA,"Anonymized","Anonymized","anonymous","EN",1,2,2,NA,NA,NA,NA,NA,NA,NA,NA,NA,90,50,43,3,1,NA,NA,NA,NA,NA,NA,NA,NA,NA,NA,1,"",1,"",46,3,NA,"","cmc_6","YoungScouting,Liberal"
"1/14/22 13:25","1/14/22 13:27",0,"Anonymized",100,129,1,"1/14/22 13:27","R_WjPaDEBIfXnUHnz",NA,NA,NA,NA,"Anonymized","Anonymized","anonymous","EN",1,2,2,NA,NA,NA,NA,NA,NA,NA,NA,NA,NA,NA,NA,NA,NA,81,51,10,2,1,NA,NA,NA,NA,NA,2,"",1,"",62,6,NA,"","cmc_6","SciTech,Conservative"
"1/14/22 13:24","1/14/22 13:27",0,"Anonymized",100,179,1,"1/14/22 13:27","R_YXOSD0PJfdANrrz",NA,NA,NA,NA,"Anonymized","Anonymized","anonymous","EN",1,2,2,NA,NA,NA,NA,NA,NA,NA,NA,NA,NA,NA,NA,NA,NA,NA,NA,NA,NA,NA,55,70,90,2,1,2,"",1,"",56,4,NA,"Was fun and interesting. Thank you","cmc_6","SciTech,Liberal"
"1/14/22 13:27","1/14/22 13:28",0,"Anonymized",100,103,1,"1/14/22 13:28","R_1l3o5E2pIFL5rcG",NA,NA,NA,NA,"Anonymized","Anonymized","anonymous","EN",1,2,2,NA,NA,NA,NA,NA,NA,NA,NA,NA,NA,NA,NA,NA,NA,NA,NA,NA,NA,NA,73,80,40,2,3,2,"",1,"",33,4,NA,"","cmc_6","SciTech,Liberal"
"1/14/22 13:27","1/14/22 13:30",0,"Anonymized",100,198,1,"1/14/22 13:30","R_3iOPAGpZBpJGJmr",NA,NA,NA,NA,"Anonymized","Anonymized","anonymous","EN",1,2,2,NA,NA,NA,NA,21,99,72,1,2,NA,NA,NA,NA,NA,NA,NA,NA,NA,NA,NA,NA,NA,NA,NA,1,"",2,"",29,2,NA,"","cmc_6","YoungScouting,Conservative"
"1/14/22 13:27","1/14/22 13:30",0,"Anonymized",100,202,1,"1/14/22 13:30","R_XoWCU9f3CXDlIul",NA,NA,NA,NA,"Anonymized","Anonymized","anonymous","EN",1,2,2,NA,NA,NA,NA,NA,NA,NA,NA,NA,NA,NA,NA,NA,NA,65,80,9,2,1,NA,NA,NA,NA,NA,1,"",1,"",84,4,NA,"","cmc_6","SciTech,Conservative"
"1/14/22 13:31","1/14/22 13:32",0,"Anonymized",100,74,1,"1/14/22 13:32","R_3IYaQ1777eLOkEh",NA,NA,NA,NA,"Anonymized","Anonymized","anonymous","EN",1,2,2,NA,NA,NA,NA,NA,NA,NA,NA,NA,NA,NA,NA,NA,NA,NA,NA,NA,NA,NA,77,69,34,2,3,1,"",1,"",36,4,NA,"","cmc_6","SciTech,Liberal"
"1/14/22 13:30","1/14/22 13:32",0,"Anonymized",100,143,1,"1/14/22 13:32","R_1NzeYxS7fXYoQMc",NA,NA,NA,NA,"Anonymized","Anonymized","anonymous","EN",1,2,2,NA,NA,NA,NA,NA,NA,NA,NA,NA,81,60,0,1,2,NA,NA,NA,NA,NA,NA,NA,NA,NA,NA,2,"",1,"",22,2,NA,"","cmc_6","YoungScouting,Liberal"
"1/14/22 13:30","1/14/22 13:33",0,"Anonymized",100,171,1,"1/14/22 13:33","R_1OQ7iyOJPrKXhO4",NA,NA,NA,NA,"Anonymized","Anonymized","anonymous","EN",1,2,2,NA,NA,NA,NA,25,92,100,2,1,NA,NA,NA,NA,NA,NA,NA,NA,NA,NA,NA,NA,NA,NA,NA,2,"",1,"",60,4,NA,"","cmc_6","YoungScouting,Conservative"
"1/14/22 13:31","1/14/22 13:33",0,"Anonymized",100,126,1,"1/14/22 13:33","R_9pqoAZ8nLhHOWyd",NA,NA,NA,NA,"Anonymized","Anonymized","anonymous","EN",1,2,2,NA,NA,NA,NA,NA,NA,NA,NA,NA,NA,NA,NA,NA,NA,NA,NA,NA,NA,NA,15,90,20,2,3,2,"",1,"",24,4,NA,"","cmc_6","SciTech,Liberal"
"1/14/22 13:32","1/14/22 13:33",0,"Anonymized",100,72,1,"1/14/22 13:33","R_1itED8tA2DAW8KF",NA,NA,NA,NA,"Anonymized","Anonymized","anonymous","EN",1,2,2,NA,NA,NA,NA,NA,NA,NA,NA,NA,NA,NA,NA,NA,NA,69,49,45,2,1,NA,NA,NA,NA,NA,1,"",1,"",20,2,NA,"","cmc_6","SciTech,Conservative"
"1/14/22 13:31","1/14/22 13:34",0,"Anonymized",100,131,1,"1/14/22 13:34","R_2TpgUhJPORZN2Cl",NA,NA,NA,NA,"Anonymized","Anonymized","anonymous","EN",1,2,2,NA,NA,NA,NA,NA,NA,NA,NA,NA,NA,NA,NA,NA,NA,81,12,18,2,1,NA,NA,NA,NA,NA,2,"",1,"",44,3,NA,"","cmc_6","SciTech,Conservative"
"1/14/22 13:32","1/14/22 13:35",0,"Anonymized",100,200,1,"1/14/22 13:35","R_2duojtNefDfy6ET",NA,NA,NA,NA,"Anonymized","Anonymized","anonymous","EN",1,2,2,NA,NA,NA,NA,NA,NA,NA,NA,NA,75,20,62,2,1,NA,NA,NA,NA,NA,NA,NA,NA,NA,NA,1,"",1,"",29,5,NA,"","cmc_6","YoungScouting,Liberal"
"1/14/22 13:33","1/14/22 13:35",0,"Anonymized",100,114,1,"1/14/22 13:35","R_30wApqaJbz67sYH",NA,NA,NA,NA,"Anonymized","Anonymized","anonymous","EN",1,2,2,NA,NA,NA,NA,NA,NA,NA,NA,NA,NA,NA,NA,NA,NA,NA,NA,NA,NA,NA,30,45,30,2,3,1,"",1,"",21,4,NA,"","cmc_6","SciTech,Liberal"
"1/14/22 13:34","1/14/22 13:35",0,"Anonymized",100,81,1,"1/14/22 13:35","R_AHyObrz2g3QGizv",NA,NA,NA,NA,"Anonymized","Anonymized","anonymous","EN",1,2,2,NA,NA,NA,NA,NA,NA,NA,NA,NA,NA,NA,NA,NA,NA,80,50,20,2,1,NA,NA,NA,NA,NA,1,"",3,"",28,4,NA,"","cmc_6","SciTech,Conservative"
"1/14/22 13:33","1/14/22 13:36",0,"Anonymized",100,142,1,"1/14/22 13:36","R_3s16lvVcNvs9sjM",NA,NA,NA,NA,"Anonymized","Anonymized","anonymous","EN",1,2,2,NA,NA,NA,NA,NA,NA,NA,NA,NA,60,40,10,2,3,NA,NA,NA,NA,NA,NA,NA,NA,NA,NA,2,"",1,"",51,5,NA,"","cmc_6","YoungScouting,Liberal"
"1/14/22 13:34","1/14/22 13:36",0,"Anonymized",100,90,1,"1/14/22 13:36","R_agkeNqhFwcZTpkt",NA,NA,NA,NA,"Anonymized","Anonymized","anonymous","EN",1,2,2,NA,NA,NA,NA,38,29,51,3,1,NA,NA,NA,NA,NA,NA,NA,NA,NA,NA,NA,NA,NA,NA,NA,2,"",1,"",34,3,NA,"","cmc_6","YoungScouting,Conservative"
"1/14/22 13:35","1/14/22 13:36",0,"Anonymized",100,94,1,"1/14/22 13:36","R_pblER37qmblkSs1",NA,NA,NA,NA,"Anonymized","Anonymized","anonymous","EN",1,2,2,NA,NA,NA,NA,NA,NA,NA,NA,NA,NA,NA,NA,NA,NA,NA,NA,NA,NA,NA,100,100,0,2,3,1,"",3,"",29,5,NA,"","cmc_6","SciTech,Liberal"
"1/14/22 13:34","1/14/22 13:36",0,"Anonymized",100,125,1,"1/14/22 13:36","R_WrODRUuzrLUmc0h",NA,NA,NA,NA,"Anonymized","Anonymized","anonymous","EN",1,2,2,NA,NA,NA,NA,NA,NA,NA,NA,NA,20,60,60,2,3,NA,NA,NA,NA,NA,NA,NA,NA,NA,NA,1,"",1,"",29,2,NA,"","cmc_6","YoungScouting,Liberal"
"1/14/22 13:35","1/14/22 13:37",0,"Anonymized",100,91,1,"1/14/22 13:37","R_3ivTRIbW9l9S1SU",NA,NA,NA,NA,"Anonymized","Anonymized","anonymous","EN",1,2,2,NA,NA,NA,NA,100,0,30,2,1,NA,NA,NA,NA,NA,NA,NA,NA,NA,NA,NA,NA,NA,NA,NA,1,"",1,"",31,4,NA,"","cmc_6","YoungScouting,Conservative"
"1/14/22 13:35","1/14/22 13:37",0,"Anonymized",100,112,1,"1/14/22 13:37","R_1GZhD3Va04V19VE",NA,NA,NA,NA,"Anonymized","Anonymized","anonymous","EN",1,2,2,NA,NA,NA,NA,NA,NA,NA,NA,NA,NA,NA,NA,NA,NA,52,42,35,1,2,NA,NA,NA,NA,NA,2,"",3,"",46,6,NA,"none","cmc_6","SciTech,Conservative"
"1/14/22 13:36","1/14/22 13:38",0,"Anonymized",100,162,1,"1/14/22 13:38","R_5zpT9MAssbByNMJ",NA,NA,NA,NA,"Anonymized","Anonymized","anonymous","EN",1,2,2,NA,NA,NA,NA,NA,NA,NA,NA,NA,NA,NA,NA,NA,NA,30,50,20,2,1,NA,NA,NA,NA,NA,2,"",2,"",24,5,NA,"","cmc_6","SciTech,Conservative"
"1/14/22 13:38","1/14/22 13:40",0,"Anonymized",100,123,1,"1/14/22 13:40","R_A5aeUoB9c8Zpjzz",NA,NA,NA,NA,"Anonymized","Anonymized","anonymous","EN",1,2,2,NA,NA,NA,NA,NA,NA,NA,NA,NA,NA,NA,NA,NA,NA,NA,NA,NA,NA,NA,55,25,70,3,3,2,"",1,"",39,5,NA,"","cmc_6","SciTech,Liberal"
"1/14/22 13:40","1/14/22 13:41",0,"Anonymized",100,68,1,"1/14/22 13:41","R_3HOemj2cafEgdNC",NA,NA,NA,NA,"Anonymized","Anonymized","anonymous","EN",1,2,2,NA,NA,NA,NA,NA,NA,NA,NA,NA,54,52,25,2,3,NA,NA,NA,NA,NA,NA,NA,NA,NA,NA,1,"",3,"",27,8,NA,"","cmc_6","YoungScouting,Liberal"
"1/14/22 13:40","1/14/22 13:42",0,"Anonymized",100,155,1,"1/14/22 13:42","R_XOgq73fP4QyRabD",NA,NA,NA,NA,"Anonymized","Anonymized","anonymous","EN",1,2,2,NA,NA,NA,NA,NA,NA,NA,NA,NA,NA,NA,NA,NA,NA,NA,NA,NA,NA,NA,35,80,30,2,3,1,"",1,"",42,5,NA,"","cmc_6","SciTech,Liberal"
"1/14/22 13:39","1/14/22 13:43",0,"Anonymized",100,236,1,"1/14/22 13:43","R_2eauUBq4zkRRsLC",NA,NA,NA,NA,"Anonymized","Anonymized","anonymous","EN",1,2,2,NA,NA,NA,NA,67,82,100,2,1,NA,NA,NA,NA,NA,NA,NA,NA,NA,NA,NA,NA,NA,NA,NA,2,"",1,"",31,4,NA,"","cmc_6","YoungScouting,Conservative"
"1/14/22 13:40","1/14/22 13:43",0,"Anonymized",100,144,1,"1/14/22 13:43","R_cAQU72GBawGBrHz",NA,NA,NA,NA,"Anonymized","Anonymized","anonymous","EN",1,2,2,NA,NA,NA,NA,39,5,60,2,1,NA,NA,NA,NA,NA,NA,NA,NA,NA,NA,NA,NA,NA,NA,NA,2,"",1,"",43,5,NA,"","cmc_6","YoungScouting,Conservative"
"1/14/22 13:44","1/14/22 13:46",0,"Anonymized",100,103,1,"1/14/22 13:46","R_xsXfzvxuHXuo47L",NA,NA,NA,NA,"Anonymized","Anonymized","anonymous","EN",1,2,2,NA,NA,NA,NA,NA,NA,NA,NA,NA,38,12,14,2,3,NA,NA,NA,NA,NA,NA,NA,NA,NA,NA,2,"",1,"",33,5,NA,"","cmc_6","YoungScouting,Liberal"
"1/14/22 13:43","1/14/22 13:47",0,"Anonymized",100,201,1,"1/14/22 13:47","R_T64AlDF8DuP29Sp",NA,NA,NA,NA,"Anonymized","Anonymized","anonymous","EN",1,2,1,15,35,50,1,50,0,24,2,1,NA,NA,NA,NA,NA,NA,NA,NA,NA,NA,NA,NA,NA,NA,NA,1,"",1,"",62,2,NA,"","cmc_6","YoungScouting,Conservative"
"1/14/22 13:43","1/14/22 13:47",0,"Anonymized",100,249,1,"1/14/22 13:47","R_6WIeCuB1w2Te84p",NA,NA,NA,NA,"Anonymized","Anonymized","anonymous","EN",1,2,2,NA,NA,NA,NA,NA,NA,NA,NA,NA,NA,NA,NA,NA,NA,65,55,60,2,1,NA,NA,NA,NA,NA,1,"",1,"",55,4,NA,"","cmc_6","SciTech,Conservative"
"1/14/22 13:45","1/14/22 13:49",0,"Anonymized",100,243,1,"1/14/22 13:49","R_erlY0jU6FduHqIV",NA,NA,NA,NA,"Anonymized","Anonymized","anonymous","EN",1,2,2,NA,NA,NA,NA,NA,NA,NA,NA,NA,100,50,75,2,3,NA,NA,NA,NA,NA,NA,NA,NA,NA,NA,2,"",1,"",68,4,NA,"","cmc_6","YoungScouting,Liberal"
"1/14/22 13:50","1/14/22 13:51",0,"Anonymized",100,109,1,"1/14/22 13:52","R_1IK5MlgcDgPu3ZD",NA,NA,NA,NA,"Anonymized","Anonymized","anonymous","EN",1,2,2,NA,NA,NA,NA,NA,NA,NA,NA,NA,NA,NA,NA,NA,NA,NA,NA,NA,NA,NA,62,74,9,2,3,1,"",1,"",47,5,NA,"","cmc_6","SciTech,Liberal"
"1/14/22 13:53","1/14/22 13:54",0,"Anonymized",100,91,1,"1/14/22 13:54","R_1pKbmlBgTspd1rs",NA,NA,NA,NA,"Anonymized","Anonymized","anonymous","EN",1,2,2,NA,NA,NA,NA,NA,NA,NA,NA,NA,NA,NA,NA,NA,NA,NA,NA,NA,NA,NA,10,100,100,2,3,1,"",1,"",41,5,NA,"","cmc_6","SciTech,Liberal"
"1/14/22 13:53","1/14/22 13:56",0,"Anonymized",100,188,1,"1/14/22 13:56","R_8hTJKoqpFr45Wxj",NA,NA,NA,NA,"Anonymized","Anonymized","anonymous","EN",1,2,2,NA,NA,NA,NA,30,1,10,2,1,NA,NA,NA,NA,NA,NA,NA,NA,NA,NA,NA,NA,NA,NA,NA,2,"",1,"",61,4,NA,"","cmc_6","YoungScouting,Conservative"
"1/14/22 13:54","1/14/22 13:56",0,"Anonymized",100,115,1,"1/14/22 13:56","R_2CE6jPynArqbfaa",NA,NA,NA,NA,"Anonymized","Anonymized","anonymous","EN",1,2,2,NA,NA,NA,NA,70,0,10,2,1,NA,NA,NA,NA,NA,NA,NA,NA,NA,NA,NA,NA,NA,NA,NA,2,"",1,"",37,6,NA,"none","cmc_6","YoungScouting,Conservative"
"1/14/22 13:55","1/14/22 13:57",0,"Anonymized",100,127,1,"1/14/22 13:57","R_3QPL14LajwFesOG",NA,NA,NA,NA,"Anonymized","Anonymized","anonymous","EN",1,2,2,NA,NA,NA,NA,NA,NA,NA,NA,NA,70,0,0,2,3,NA,NA,NA,NA,NA,NA,NA,NA,NA,NA,1,"",1,"",69,4,NA,"","cmc_6","YoungScouting,Liberal"
"1/14/22 13:53","1/14/22 13:57",0,"Anonymized",100,208,1,"1/14/22 13:57","R_1EXpwjYzmHQfyFz",NA,NA,NA,NA,"Anonymized","Anonymized","anonymous","EN",1,2,2,NA,NA,NA,NA,NA,NA,NA,NA,NA,NA,NA,NA,NA,NA,33,68,50,2,1,NA,NA,NA,NA,NA,2,"",3,"",41,5,NA,"na","cmc_6","SciTech,Conservative"
"1/14/22 13:56","1/14/22 14:00",0,"Anonymized",100,193,1,"1/14/22 14:00","R_ONk9zIllDhiLBgR",NA,NA,NA,NA,"Anonymized","Anonymized","anonymous","EN",1,2,2,NA,NA,NA,NA,NA,NA,NA,NA,NA,30,81,70,1,3,NA,NA,NA,NA,NA,NA,NA,NA,NA,NA,2,"",1,"",70,5,NA,"","cmc_6","YoungScouting,Liberal"
"1/14/22 13:52","1/14/22 14:00",0,"Anonymized",100,439,1,"1/14/22 14:00","R_31XId72VItHscOC",NA,NA,NA,NA,"Anonymized","Anonymized","anonymous","EN",1,2,2,NA,NA,NA,NA,NA,NA,NA,NA,NA,NA,NA,NA,NA,NA,NA,NA,NA,NA,NA,8,100,29,1,3,2,"",1,"",40,5,NA,"","cmc_6","SciTech,Liberal"
"1/14/22 13:58","1/14/22 14:00",0,"Anonymized",100,85,1,"1/14/22 14:00","R_22LXZIMmG3h88sp",NA,NA,NA,NA,"Anonymized","Anonymized","anonymous","EN",1,2,2,NA,NA,NA,NA,NA,NA,NA,NA,NA,NA,NA,NA,NA,NA,79,28,78,2,3,NA,NA,NA,NA,NA,2,"",1,"",52,4,NA,"","cmc_6","SciTech,Conservative"
"1/14/22 13:53","1/14/22 14:01",0,"Anonymized",100,476,1,"1/14/22 14:01","R_Uz7iLwTLbdQ0E81",NA,NA,NA,NA,"Anonymized","Anonymized","anonymous","EN",1,2,2,NA,NA,NA,NA,NA,NA,NA,NA,NA,60,80,75,2,3,NA,NA,NA,NA,NA,NA,NA,NA,NA,NA,1,"",1,"",34,5,NA,"My answers were partially influenced by the fact that I am non-religious and have little interest in seeing Christian propaganda in my survival/life skill manuals. Good luck with your research.","cmc_6","YoungScouting,Liberal"
"1/14/22 14:01","1/14/22 14:03",0,"Anonymized",100,105,1,"1/14/22 14:03","R_3PyImBkqS4VxD4M",NA,NA,NA,NA,"Anonymized","Anonymized","anonymous","EN",1,2,2,NA,NA,NA,NA,NA,NA,NA,NA,NA,NA,NA,NA,NA,NA,NA,NA,NA,NA,NA,32,57,50,2,3,3,"",1,"",54,5,NA,"none","cmc_6","SciTech,Liberal"
"1/14/22 13:59","1/14/22 14:03",0,"Anonymized",100,259,1,"1/14/22 14:03","R_3qahFJwvDX7rZTi",NA,NA,NA,NA,"Anonymized","Anonymized","anonymous","EN",1,2,1,15,40,60,1,20,92,90,2,1,NA,NA,NA,NA,NA,NA,NA,NA,NA,NA,NA,NA,NA,NA,NA,2,"",1,"",62,3,NA,"","cmc_6","YoungScouting,Conservative"
"1/14/22 14:02","1/14/22 14:05",0,"Anonymized",100,230,1,"1/14/22 14:05","R_12eRXrV4RmCXaoy",NA,NA,NA,NA,"Anonymized","Anonymized","anonymous","EN",1,2,2,NA,NA,NA,NA,0,0,0,2,1,NA,NA,NA,NA,NA,NA,NA,NA,NA,NA,NA,NA,NA,NA,NA,1,"",1,"",62,5,NA,"n/a","cmc_6","YoungScouting,Conservative"
"1/14/22 14:04","1/14/22 14:07",0,"Anonymized",100,154,1,"1/14/22 14:07","R_2YE6c36gPEJKzc2",NA,NA,NA,NA,"Anonymized","Anonymized","anonymous","EN",1,2,2,NA,NA,NA,NA,NA,NA,NA,NA,NA,NA,NA,NA,NA,NA,NA,NA,NA,NA,NA,80,50,80,2,3,2,"",1,"",57,2,NA,"","cmc_6","SciTech,Liberal"
"1/14/22 14:09","1/14/22 14:10",0,"Anonymized",100,52,1,"1/14/22 14:10","R_1Lnwjza7gwLlknd",NA,NA,NA,NA,"Anonymized","Anonymized","anonymous","EN",1,2,2,NA,NA,NA,NA,NA,NA,NA,NA,NA,NA,NA,NA,NA,NA,47,22,0,2,1,NA,NA,NA,NA,NA,2,"",1,"",24,5,NA,"","cmc_6","SciTech,Conservative"
"1/14/22 14:11","1/14/22 14:13",0,"Anonymized",100,115,1,"1/14/22 14:13","R_vPlgpOw2AD8EjIt",NA,NA,NA,NA,"Anonymized","Anonymized","anonymous","EN",1,2,2,NA,NA,NA,NA,NA,NA,NA,NA,NA,78,67,41,1,3,NA,NA,NA,NA,NA,NA,NA,NA,NA,NA,1,"",1,"",33,5,NA,"","cmc_6","YoungScouting,Liberal"
"1/14/22 14:12","1/14/22 14:15",0,"Anonymized",100,172,1,"1/14/22 14:15","R_1eyNCC5sk7bRNY1",NA,NA,NA,NA,"Anonymized","Anonymized","anonymous","EN",1,2,2,NA,NA,NA,NA,NA,NA,NA,NA,NA,NA,NA,NA,NA,NA,NA,NA,NA,NA,NA,78,10,88,2,3,1,"",1,"",55,6,NA,"","cmc_6","SciTech,Liberal"
"1/14/22 14:18","1/14/22 14:20",0,"Anonymized",100,72,1,"1/14/22 14:20","R_2uvM4iN2ytMHMeI",NA,NA,NA,NA,"Anonymized","Anonymized","anonymous","EN",1,2,2,NA,NA,NA,NA,70,10,60,2,1,NA,NA,NA,NA,NA,NA,NA,NA,NA,NA,NA,NA,NA,NA,NA,2,"",1,"",31,7,NA,"","cmc_6","YoungScouting,Conservative"
"1/14/22 14:19","1/14/22 14:21",0,"Anonymized",100,93,1,"1/14/22 14:21","R_2dYD0bnEBtE0P05",NA,NA,NA,NA,"Anonymized","Anonymized","anonymous","EN",1,2,2,NA,NA,NA,NA,NA,NA,NA,NA,NA,NA,NA,NA,NA,NA,98,6,48,3,1,NA,NA,NA,NA,NA,2,"",3,"",49,4,NA,"","cmc_6","SciTech,Conservative"
"1/14/22 14:21","1/14/22 14:23",0,"Anonymized",100,100,1,"1/14/22 14:23","R_2TFvVPFjlCvDD3t",NA,NA,NA,NA,"Anonymized","Anonymized","anonymous","EN",1,2,2,NA,NA,NA,NA,NA,NA,NA,NA,NA,NA,NA,NA,NA,NA,NA,NA,NA,NA,NA,50,65,31,2,3,2,"",1,"",50,6,NA,"","cmc_6","SciTech,Liberal"
"1/14/22 14:21","1/14/22 14:23",0,"Anonymized",100,166,1,"1/14/22 14:23","R_2XjQErisbGCKSlf",NA,NA,NA,NA,"Anonymized","Anonymized","anonymous","EN",1,2,2,NA,NA,NA,NA,NA,NA,NA,NA,NA,NA,NA,NA,NA,NA,24,30,0,2,1,NA,NA,NA,NA,NA,2,"",1,"",39,5,NA,"","cmc_6","SciTech,Conservative"
"1/14/22 14:20","1/14/22 14:24",0,"Anonymized",100,202,1,"1/14/22 14:24","R_2BfYIULIRCUaXrd",NA,NA,NA,NA,"Anonymized","Anonymized","anonymous","EN",1,2,2,NA,NA,NA,NA,NA,NA,NA,NA,NA,100,0,60,2,3,NA,NA,NA,NA,NA,NA,NA,NA,NA,NA,2,"",1,"",60,5,NA,"I generally respond unfavorably to companies who sell out their original values.","cmc_6","YoungScouting,Liberal"
"1/14/22 14:23","1/14/22 14:24",0,"Anonymized",100,98,1,"1/14/22 14:24","R_eszZ9WafOoiHxFT",NA,NA,NA,NA,"Anonymized","Anonymized","anonymous","EN",1,2,2,NA,NA,NA,NA,80,9,40,2,1,NA,NA,NA,NA,NA,NA,NA,NA,NA,NA,NA,NA,NA,NA,NA,1,"",5,"",61,5,NA,"no comment","cmc_6","YoungScouting,Conservative"
"1/14/22 14:23","1/14/22 14:25",0,"Anonymized",100,79,1,"1/14/22 14:25","R_pGDDUSKsEoO47dL",NA,NA,NA,NA,"Anonymized","Anonymized","anonymous","EN",1,2,2,NA,NA,NA,NA,NA,NA,NA,NA,NA,NA,NA,NA,NA,NA,28,13,61,2,1,NA,NA,NA,NA,NA,2,"",1,"",34,4,NA,"","cmc_6","SciTech,Conservative"
"1/14/22 14:24","1/14/22 14:25",0,"Anonymized",100,98,1,"1/14/22 14:25","R_3gZuHxcilBonB0m",NA,NA,NA,NA,"Anonymized","Anonymized","anonymous","EN",1,2,2,NA,NA,NA,NA,NA,NA,NA,NA,NA,19,72,44,2,3,NA,NA,NA,NA,NA,NA,NA,NA,NA,NA,2,"",1,"",43,5,NA,"","cmc_6","YoungScouting,Liberal"
"1/14/22 14:22","1/14/22 14:26",0,"Anonymized",100,246,1,"1/14/22 14:26","R_1Do7vc1YvqbWSfn",NA,NA,NA,NA,"Anonymized","Anonymized","anonymous","EN",1,2,2,NA,NA,NA,NA,NA,NA,NA,NA,NA,65,50,12,2,3,NA,NA,NA,NA,NA,NA,NA,NA,NA,NA,1,"",1,"",27,5,NA,"None to add","cmc_6","YoungScouting,Liberal"
"1/14/22 14:24","1/14/22 14:27",0,"Anonymized",100,146,1,"1/14/22 14:27","R_1gOtWqe4rHZghpF",NA,NA,NA,NA,"Anonymized","Anonymized","anonymous","EN",1,2,2,NA,NA,NA,NA,NA,NA,NA,NA,NA,NA,NA,NA,NA,NA,NA,NA,NA,NA,NA,70,75,45,2,3,1,"",1,"",44,5,NA,"","cmc_6","SciTech,Liberal"
"1/14/22 14:33","1/14/22 14:35",0,"Anonymized",100,97,1,"1/14/22 14:35","R_ALhX21W39MqBWlX",NA,NA,NA,NA,"Anonymized","Anonymized","anonymous","EN",1,2,2,NA,NA,NA,NA,68,0,16,2,1,NA,NA,NA,NA,NA,NA,NA,NA,NA,NA,NA,NA,NA,NA,NA,1,"",3,"",34,6,NA,"","cmc_6","YoungScouting,Conservative"
"1/14/22 14:32","1/14/22 14:35",0,"Anonymized",100,209,1,"1/14/22 14:35","R_2a9XqmJTO8nmJrJ",NA,NA,NA,NA,"Anonymized","Anonymized","anonymous","EN",1,2,2,NA,NA,NA,NA,38,87,16,2,1,NA,NA,NA,NA,NA,NA,NA,NA,NA,NA,NA,NA,NA,NA,NA,1,"",3,"",41,5,NA,"","cmc_6","YoungScouting,Conservative"
"1/14/22 14:32","1/14/22 14:36",0,"Anonymized",100,237,1,"1/14/22 14:36","R_dmc7hT8VGCeZnwt",NA,NA,NA,NA,"Anonymized","Anonymized","anonymous","EN",1,2,2,NA,NA,NA,NA,NA,NA,NA,NA,NA,NA,NA,NA,NA,NA,0,100,100,2,1,NA,NA,NA,NA,NA,1,"",1,"",65,5,NA,"I think is correct that this company no longer invests in the climate change hoax.","cmc_6","SciTech,Conservative"
"1/14/22 14:36","1/14/22 14:39",0,"Anonymized",100,161,1,"1/14/22 14:39","R_1MPX7kmkNvPdKjI",NA,NA,NA,NA,"Anonymized","Anonymized","anonymous","EN",1,2,2,NA,NA,NA,NA,NA,NA,NA,NA,NA,90,30,64,2,3,NA,NA,NA,NA,NA,NA,NA,NA,NA,NA,1,"",1,"",54,5,NA,"","cmc_6","YoungScouting,Liberal"
"1/14/22 14:37","1/14/22 14:39",0,"Anonymized",100,79,1,"1/14/22 14:39","R_2y9Jbzpwywu8SpB",NA,NA,NA,NA,"Anonymized","Anonymized","anonymous","EN",1,2,2,NA,NA,NA,NA,NA,NA,NA,NA,NA,NA,NA,NA,NA,NA,NA,NA,NA,NA,NA,26,83,36,2,2,2,"",1,"",25,5,NA,"","cmc_6","SciTech,Liberal"
"1/14/22 14:38","1/14/22 14:40",0,"Anonymized",100,96,1,"1/14/22 14:40","R_2zAxSsUUrpC7e4P",NA,NA,NA,NA,"Anonymized","Anonymized","anonymous","EN",1,2,2,NA,NA,NA,NA,NA,NA,NA,NA,NA,NA,NA,NA,NA,NA,67,49,25,2,1,NA,NA,NA,NA,NA,2,"",5,"latinx",33,6,NA,"","cmc_6","SciTech,Conservative"
"1/14/22 14:39","1/14/22 14:41",0,"Anonymized",100,147,1,"1/14/22 14:41","R_2AMV6n5iFnPN2YU",NA,NA,NA,NA,"Anonymized","Anonymized","anonymous","EN",1,2,2,NA,NA,NA,NA,81,1,51,2,1,NA,NA,NA,NA,NA,NA,NA,NA,NA,NA,NA,NA,NA,NA,NA,2,"",1,"",32,4,NA,"","cmc_6","YoungScouting,Conservative"
"1/14/22 14:41","1/14/22 14:43",0,"Anonymized",100,114,1,"1/14/22 14:43","R_QbND3ZyL9DqoJgt",NA,NA,NA,NA,"Anonymized","Anonymized","anonymous","EN",1,2,2,NA,NA,NA,NA,NA,NA,NA,NA,NA,50,62,5,2,3,NA,NA,NA,NA,NA,NA,NA,NA,NA,NA,2,"",1,"",60,4,NA,"","cmc_6","YoungScouting,Liberal"
"1/14/22 14:42","1/14/22 14:43",0,"Anonymized",100,85,1,"1/14/22 14:43","R_2tL3pIrXcxtzdR9",NA,NA,NA,NA,"Anonymized","Anonymized","anonymous","EN",1,2,2,NA,NA,NA,NA,NA,NA,NA,NA,NA,NA,NA,NA,NA,NA,NA,NA,NA,NA,NA,70,60,10,2,3,2,"",1,"",32,5,NA,"n/a","cmc_6","SciTech,Liberal"
"1/14/22 14:41","1/14/22 14:43",0,"Anonymized",100,141,1,"1/14/22 14:43","R_8BcdYBxPOFTQsdH",NA,NA,NA,NA,"Anonymized","Anonymized","anonymous","EN",1,2,2,NA,NA,NA,NA,NA,NA,NA,NA,NA,95,30,100,2,3,NA,NA,NA,NA,NA,NA,NA,NA,NA,NA,2,"",1,"",46,4,NA,"","cmc_6","YoungScouting,Liberal"
"1/14/22 14:42","1/14/22 14:44",0,"Anonymized",100,123,1,"1/14/22 14:44","R_24OXhxFZZOtw7e0",NA,NA,NA,NA,"Anonymized","Anonymized","anonymous","EN",1,2,2,NA,NA,NA,NA,71,70,73,2,1,NA,NA,NA,NA,NA,NA,NA,NA,NA,NA,NA,NA,NA,NA,NA,2,"",1,"",43,6,NA,"","cmc_6","YoungScouting,Conservative"
"1/14/22 14:45","1/14/22 14:49",0,"Anonymized",100,253,1,"1/14/22 14:49","R_3Mrmsqsu48Jx4sv",NA,NA,NA,NA,"Anonymized","Anonymized","anonymous","EN",1,2,1,15,40,70,1,NA,NA,NA,NA,NA,NA,NA,NA,NA,NA,60,10,0,2,1,NA,NA,NA,NA,NA,2,"",1,"",56,6,NA,"","cmc_6","SciTech,Conservative"
"1/14/22 14:48","1/14/22 14:49",0,"Anonymized",100,67,1,"1/14/22 14:49","R_2U4JA36rChgydtx",NA,NA,NA,NA,"Anonymized","Anonymized","anonymous","EN",1,2,2,NA,NA,NA,NA,NA,NA,NA,NA,NA,NA,NA,NA,NA,NA,NA,NA,NA,NA,NA,62,90,50,2,3,2,"",1,"",27,5,NA,"","cmc_6","SciTech,Liberal"
"1/14/22 14:48","1/14/22 14:50",0,"Anonymized",100,116,1,"1/14/22 14:50","R_ZKNTR5qPryHBMxH",NA,NA,NA,NA,"Anonymized","Anonymized","anonymous","EN",1,2,2,NA,NA,NA,NA,50,58,38,1,3,NA,NA,NA,NA,NA,NA,NA,NA,NA,NA,NA,NA,NA,NA,NA,2,"",4,"",30,4,NA,"","cmc_6","YoungScouting,Conservative"
"1/14/22 14:49","1/14/22 14:51",0,"Anonymized",100,135,1,"1/14/22 14:51","R_9nK3IoNZnDKznc5",NA,NA,NA,NA,"Anonymized","Anonymized","anonymous","EN",1,2,2,NA,NA,NA,NA,NA,NA,NA,NA,NA,50,60,80,2,2,NA,NA,NA,NA,NA,NA,NA,NA,NA,NA,2,"",1,"",33,3,NA,"","cmc_6","YoungScouting,Liberal"
"1/14/22 14:54","1/14/22 14:57",0,"Anonymized",100,156,1,"1/14/22 14:57","R_1ilEO66jryI8Teg",NA,NA,NA,NA,"Anonymized","Anonymized","anonymous","EN",1,2,2,NA,NA,NA,NA,NA,NA,NA,NA,NA,NA,NA,NA,NA,NA,20,81,60,3,1,NA,NA,NA,NA,NA,1,"",1,"",50,5,NA,"Thank you for the opportunity to fill out your survey, I enjoyed it.
","cmc_6","SciTech,Conservative"
"1/14/22 14:56","1/14/22 14:57",0,"Anonymized",100,66,1,"1/14/22 14:57","R_1inEUIEQzDkDI1z",NA,NA,NA,NA,"Anonymized","Anonymized","anonymous","EN",1,2,2,NA,NA,NA,NA,NA,NA,NA,NA,NA,63,21,60,2,3,NA,NA,NA,NA,NA,NA,NA,NA,NA,NA,1,"",1,"",35,8,NA,"","cmc_6","YoungScouting,Liberal"
"1/14/22 14:57","1/14/22 14:59",0,"Anonymized",100,117,1,"1/14/22 14:59","R_2dTu6q08ar8W7lF",NA,NA,NA,NA,"Anonymized","Anonymized","anonymous","EN",1,2,2,NA,NA,NA,NA,NA,NA,NA,NA,NA,NA,NA,NA,NA,NA,NA,NA,NA,NA,NA,31,92,4,2,3,2,"",1,"",65,5,NA,"","cmc_6","SciTech,Liberal"
"1/14/22 14:57","1/14/22 14:59",0,"Anonymized",100,69,1,"1/14/22 14:59","R_OCBtzij74AvwBVv",NA,NA,NA,NA,"Anonymized","Anonymized","anonymous","EN",1,2,2,NA,NA,NA,NA,NA,NA,NA,NA,NA,NA,NA,NA,NA,NA,80,0,0,2,1,NA,NA,NA,NA,NA,1,"",1,"",28,5,NA,"","cmc_6","SciTech,Conservative"
"1/14/22 14:52","1/14/22 15:00",0,"Anonymized",100,449,1,"1/14/22 15:00","R_3qTHHnPsozBDwrD",NA,NA,NA,NA,"Anonymized","Anonymized","anonymous","EN",1,2,2,NA,NA,NA,NA,90,22,50,3,2,NA,NA,NA,NA,NA,NA,NA,NA,NA,NA,NA,NA,NA,NA,NA,2,"",2,"",29,2,NA,"","cmc_6","YoungScouting,Conservative"
"1/14/22 15:00","1/14/22 15:03",0,"Anonymized",100,124,1,"1/14/22 15:03","R_2qkjIx0brqZS6SF",NA,NA,NA,NA,"Anonymized","Anonymized","anonymous","EN",1,2,2,NA,NA,NA,NA,NA,NA,NA,NA,NA,NA,NA,NA,NA,NA,NA,NA,NA,NA,NA,8,60,50,2,3,2,"",1,"",42,3,NA,"","cmc_6","SciTech,Liberal"
"1/14/22 14:59","1/14/22 15:03",0,"Anonymized",100,245,1,"1/14/22 15:03","R_SBiCQMYqpuZd0at",NA,NA,NA,NA,"Anonymized","Anonymized","anonymous","EN",1,2,2,NA,NA,NA,NA,NA,NA,NA,NA,NA,NA,NA,NA,NA,NA,52,40,100,2,1,NA,NA,NA,NA,NA,2,"",1,"",61,5,NA,"","cmc_6","SciTech,Conservative"
"1/14/22 15:01","1/14/22 15:03",0,"Anonymized",100,128,1,"1/14/22 15:03","R_d5MXg4q8KY5gS7n",NA,NA,NA,NA,"Anonymized","Anonymized","anonymous","EN",1,2,2,NA,NA,NA,NA,NA,NA,NA,NA,NA,80,43,77,2,3,NA,NA,NA,NA,NA,NA,NA,NA,NA,NA,1,"",1,"",30,2,NA,"","cmc_6","YoungScouting,Liberal"
"1/14/22 15:05","1/14/22 15:07",0,"Anonymized",100,80,1,"1/14/22 15:07","R_3g13bKtiAEIGCuV",NA,NA,NA,NA,"Anonymized","Anonymized","anonymous","EN",1,2,2,NA,NA,NA,NA,20,9,14,2,1,NA,NA,NA,NA,NA,NA,NA,NA,NA,NA,NA,NA,NA,NA,NA,2,"",1,"",31,5,NA,"","cmc_6","YoungScouting,Conservative"
"1/14/22 15:06","1/14/22 15:08",0,"Anonymized",100,97,1,"1/14/22 15:08","R_29656GeOh0DGziB",NA,NA,NA,NA,"Anonymized","Anonymized","anonymous","EN",1,2,2,NA,NA,NA,NA,NA,NA,NA,NA,NA,80,42,100,1,3,NA,NA,NA,NA,NA,NA,NA,NA,NA,NA,2,"",1,"",60,4,NA,"","cmc_6","YoungScouting,Liberal"
"1/14/22 15:04","1/14/22 15:08",0,"Anonymized",100,274,1,"1/14/22 15:08","R_1LkAkOpLxKyjIrD",NA,NA,NA,NA,"Anonymized","Anonymized","anonymous","EN",1,2,2,NA,NA,NA,NA,25,50,10,2,3,NA,NA,NA,NA,NA,NA,NA,NA,NA,NA,NA,NA,NA,NA,NA,2,"",2,"",45,3,NA,"","cmc_6","YoungScouting,Conservative"
"1/14/22 15:07","1/14/22 15:10",0,"Anonymized",100,142,1,"1/14/22 15:10","R_2zGClPQoQAW7XnE",NA,NA,NA,NA,"Anonymized","Anonymized","anonymous","EN",1,2,2,NA,NA,NA,NA,NA,NA,NA,NA,NA,NA,NA,NA,NA,NA,68,42,61,3,1,NA,NA,NA,NA,NA,2,"",1,"",23,5,NA,"","cmc_6","SciTech,Conservative"
"1/14/22 15:10","1/14/22 15:11",0,"Anonymized",100,58,1,"1/14/22 15:11","R_1eF7Uxgw4xINBtT",NA,NA,NA,NA,"Anonymized","Anonymized","anonymous","EN",1,2,2,NA,NA,NA,NA,NA,NA,NA,NA,NA,NA,NA,NA,NA,NA,NA,NA,NA,NA,NA,82,54,20,2,1,2,"",2,"",29,6,NA,"","cmc_6","SciTech,Liberal"
"1/14/22 15:09","1/14/22 15:11",0,"Anonymized",100,117,1,"1/14/22 15:11","R_2DZUaYNGis9xenz",NA,NA,NA,NA,"Anonymized","Anonymized","anonymous","EN",1,2,2,NA,NA,NA,NA,36,91,100,2,1,NA,NA,NA,NA,NA,NA,NA,NA,NA,NA,NA,NA,NA,NA,NA,1,"",1,"",54,6,NA,"","cmc_6","YoungScouting,Conservative"
"1/14/22 15:10","1/14/22 15:11",0,"Anonymized",100,104,1,"1/14/22 15:11","R_3QRHTv9UHNqDFaY",NA,NA,NA,NA,"Anonymized","Anonymized","anonymous","EN",1,2,2,NA,NA,NA,NA,NA,NA,NA,NA,NA,NA,NA,NA,NA,NA,80,25,45,2,1,NA,NA,NA,NA,NA,1,"",1,"",30,4,NA,"","cmc_6","SciTech,Conservative"
"1/14/22 15:07","1/14/22 15:12",0,"Anonymized",100,266,1,"1/14/22 15:12","R_3CN0hRjYHacWI62",NA,NA,NA,NA,"Anonymized","Anonymized","anonymous","EN",1,2,2,NA,NA,NA,NA,NA,NA,NA,NA,NA,20,10,75,1,3,NA,NA,NA,NA,NA,NA,NA,NA,NA,NA,2,"",1,"",28,5,NA,"I just hope I was of some help to your research. I am conservative, I think I moved the dot on the sliding bar correctly for that question in the survey, but my cursor jumped around, so I hope it didn't move to the other side. It moved to the next screen before I could double-check my answer on that question. Thank You.","cmc_6","YoungScouting,Liberal"
"1/14/22 15:17","1/14/22 15:18",0,"Anonymized",100,98,1,"1/14/22 15:18","R_2xYkrjyR5ybb1OX",NA,NA,NA,NA,"Anonymized","Anonymized","anonymous","EN",1,2,2,NA,NA,NA,NA,19,82,71,2,1,NA,NA,NA,NA,NA,NA,NA,NA,NA,NA,NA,NA,NA,NA,NA,1,"",1,"",48,5,NA,"","cmc_6","YoungScouting,Conservative"
"1/14/22 15:19","1/14/22 15:20",0,"Anonymized",100,58,1,"1/14/22 15:20","R_3qe4vzyukF55LkQ",NA,NA,NA,NA,"Anonymized","Anonymized","anonymous","EN",1,2,2,NA,NA,NA,NA,NA,NA,NA,NA,NA,NA,NA,NA,NA,NA,9,78,15,2,2,NA,NA,NA,NA,NA,2,"",1,"",33,2,NA,"","cmc_6","SciTech,Conservative"
"1/14/22 15:21","1/14/22 15:22",0,"Anonymized",100,80,1,"1/14/22 15:22","R_1nSCoN9cRrlOq9K",NA,NA,NA,NA,"Anonymized","Anonymized","anonymous","EN",1,2,2,NA,NA,NA,NA,86,1,0,2,1,NA,NA,NA,NA,NA,NA,NA,NA,NA,NA,NA,NA,NA,NA,NA,1,"",1,"",57,6,NA,"","cmc_6","YoungScouting,Conservative"
"1/14/22 15:20","1/14/22 15:22",0,"Anonymized",100,99,1,"1/14/22 15:22","R_1GTjpAIFS0V7pmr",NA,NA,NA,NA,"Anonymized","Anonymized","anonymous","EN",1,2,2,NA,NA,NA,NA,NA,NA,NA,NA,NA,82,90,95,1,1,NA,NA,NA,NA,NA,NA,NA,NA,NA,NA,2,"",5,"south asian",37,5,NA,"","cmc_6","YoungScouting,Liberal"
"1/14/22 15:19","1/14/22 15:23",0,"Anonymized",100,217,1,"1/14/22 15:23","R_2Cdoz8aj2RUtywc",NA,NA,NA,NA,"Anonymized","Anonymized","anonymous","EN",1,2,2,NA,NA,NA,NA,NA,NA,NA,NA,NA,NA,NA,NA,NA,NA,NA,NA,NA,NA,NA,20,100,0,2,3,1,"",1,"",35,5,NA,"I thoroughly enjoyed it! Thank you so much!","cmc_6","SciTech,Liberal"
"1/14/22 15:21","1/14/22 15:24",0,"Anonymized",100,138,1,"1/14/22 15:24","R_3MxtprmQEMb6zIb",NA,NA,NA,NA,"Anonymized","Anonymized","anonymous","EN",1,2,2,NA,NA,NA,NA,NA,NA,NA,NA,NA,NA,NA,NA,NA,NA,1,34,100,2,1,NA,NA,NA,NA,NA,1,"",1,"",50,5,NA,"Thanks","cmc_6","SciTech,Conservative"
"1/14/22 15:25","1/14/22 15:27",0,"Anonymized",100,109,1,"1/14/22 15:27","R_2ay0TeKEolDK34G",NA,NA,NA,NA,"Anonymized","Anonymized","anonymous","EN",1,2,2,NA,NA,NA,NA,NA,NA,NA,NA,NA,77,49,89,2,3,NA,NA,NA,NA,NA,NA,NA,NA,NA,NA,2,"",1,"",68,2,NA,"","cmc_6","YoungScouting,Liberal"
"1/14/22 15:28","1/14/22 15:30",0,"Anonymized",100,80,1,"1/14/22 15:30","R_C2Z2Yp3Wvm6VimZ",NA,NA,NA,NA,"Anonymized","Anonymized","anonymous","EN",1,2,2,NA,NA,NA,NA,NA,NA,NA,NA,NA,NA,NA,NA,NA,NA,NA,NA,NA,NA,NA,45,78,25,2,3,1,"",1,"",37,6,NA,"","cmc_6","SciTech,Liberal"
"1/14/22 15:28","1/14/22 15:30",0,"Anonymized",100,134,1,"1/14/22 15:30","R_1P63eVSChEBtGMy",NA,NA,NA,NA,"Anonymized","Anonymized","anonymous","EN",1,2,2,NA,NA,NA,NA,NA,NA,NA,NA,NA,NA,NA,NA,NA,NA,78,15,42,2,1,NA,NA,NA,NA,NA,1,"",1,"",34,7,NA,"","cmc_6","SciTech,Conservative"
"1/14/22 15:35","1/14/22 15:37",0,"Anonymized",100,102,1,"1/14/22 15:37","R_1DT16jbgBAgX3vV",NA,NA,NA,NA,"Anonymized","Anonymized","anonymous","EN",1,2,2,NA,NA,NA,NA,62,59,45,2,3,NA,NA,NA,NA,NA,NA,NA,NA,NA,NA,NA,NA,NA,NA,NA,1,"",2,"",42,5,NA,"","cmc_6","YoungScouting,Conservative"
"1/14/22 15:42","1/14/22 15:43",0,"Anonymized",100,67,1,"1/14/22 15:43","R_11WVQeXHFv0QDOy",NA,NA,NA,NA,"Anonymized","Anonymized","anonymous","EN",1,2,2,NA,NA,NA,NA,NA,NA,NA,NA,NA,NA,NA,NA,NA,NA,NA,NA,NA,NA,NA,42,71,14,2,3,2,"",1,"",19,4,NA,"","cmc_6","SciTech,Liberal"
"1/14/22 15:40","1/14/22 15:43",0,"Anonymized",100,138,1,"1/14/22 15:43","R_1r1VCy6s5mhy22L",NA,NA,NA,NA,"Anonymized","Anonymized","anonymous","EN",1,2,2,NA,NA,NA,NA,NA,NA,NA,NA,NA,39,92,21,1,3,NA,NA,NA,NA,NA,NA,NA,NA,NA,NA,2,"",1,"",44,7,NA,"thank you","cmc_6","YoungScouting,Liberal"
"1/14/22 15:42","1/14/22 15:44",0,"Anonymized",100,100,1,"1/14/22 15:44","R_1KvDCUAS4y1tmiQ",NA,NA,NA,NA,"Anonymized","Anonymized","anonymous","EN",1,2,2,NA,NA,NA,NA,20,0,50,2,1,NA,NA,NA,NA,NA,NA,NA,NA,NA,NA,NA,NA,NA,NA,NA,2,"",1,"",26,2,NA,"","cmc_6","YoungScouting,Conservative"
"1/14/22 15:43","1/14/22 15:45",0,"Anonymized",100,112,1,"1/14/22 15:45","R_24hLlEuzBKIYjy5",NA,NA,NA,NA,"Anonymized","Anonymized","anonymous","EN",1,2,2,NA,NA,NA,NA,NA,NA,NA,NA,NA,NA,NA,NA,NA,NA,NA,NA,NA,NA,NA,19,61,9,2,3,2,"",1,"",25,5,NA,"","cmc_6","SciTech,Liberal"
"1/14/22 15:42","1/14/22 15:45",0,"Anonymized",100,143,1,"1/14/22 15:45","R_2P0CYOl5l0ghjLj",NA,NA,NA,NA,"Anonymized","Anonymized","anonymous","EN",1,2,2,NA,NA,NA,NA,NA,NA,NA,NA,NA,NA,NA,NA,NA,NA,100,0,10,2,1,NA,NA,NA,NA,NA,1,"",1,"",52,6,NA,"","cmc_6","SciTech,Conservative"
"1/14/22 15:43","1/14/22 15:46",0,"Anonymized",100,157,1,"1/14/22 15:46","R_300kNoCiQzGoCsx",NA,NA,NA,NA,"Anonymized","Anonymized","anonymous","EN",1,2,2,NA,NA,NA,NA,NA,NA,NA,NA,NA,100,2,100,1,3,NA,NA,NA,NA,NA,NA,NA,NA,NA,NA,2,"",1,"",48,5,NA,"Thank you","cmc_6","YoungScouting,Liberal"
"1/14/22 15:46","1/14/22 15:47",0,"Anonymized",100,51,1,"1/14/22 15:47","R_21terfRri1vxWQs",NA,NA,NA,NA,"Anonymized","Anonymized","anonymous","EN",1,2,2,NA,NA,NA,NA,NA,NA,NA,NA,NA,54,54,51,3,3,NA,NA,NA,NA,NA,NA,NA,NA,NA,NA,1,"",1,"",29,4,NA,"","cmc_6","YoungScouting,Liberal"
"1/14/22 15:45","1/14/22 15:47",0,"Anonymized",100,155,1,"1/14/22 15:47","R_2Wuo9hGukbarDfG",NA,NA,NA,NA,"Anonymized","Anonymized","anonymous","EN",1,2,2,NA,NA,NA,NA,90,50,10,2,1,NA,NA,NA,NA,NA,NA,NA,NA,NA,NA,NA,NA,NA,NA,NA,2,"",1,"",63,6,NA,"Thank you for allowing me to participate. ","cmc_6","YoungScouting,Conservative"
"1/14/22 15:46","1/14/22 15:48",0,"Anonymized",100,86,1,"1/14/22 15:48","R_1lsl8gPvvma6uCj",NA,NA,NA,NA,"Anonymized","Anonymized","anonymous","EN",1,2,2,NA,NA,NA,NA,NA,NA,NA,NA,NA,NA,NA,NA,NA,NA,90,10,12,3,1,NA,NA,NA,NA,NA,2,"",1,"",33,4,NA,"","cmc_6","SciTech,Conservative"
"1/14/22 15:47","1/14/22 15:50",0,"Anonymized",100,164,1,"1/14/22 15:50","R_1jZI6zjQ4r8njZI",NA,NA,NA,NA,"Anonymized","Anonymized","anonymous","EN",1,2,2,NA,NA,NA,NA,NA,NA,NA,NA,NA,NA,NA,NA,NA,NA,NA,NA,NA,NA,NA,75,100,0,2,3,2,"",4,"",35,4,NA,"","cmc_6","SciTech,Liberal"
"1/14/22 15:51","1/14/22 15:52",0,"Anonymized",100,53,1,"1/14/22 15:52","R_d4ouKCWc0YFa7iV",NA,NA,NA,NA,"Anonymized","Anonymized","anonymous","EN",1,2,2,NA,NA,NA,NA,100,0,20,2,1,NA,NA,NA,NA,NA,NA,NA,NA,NA,NA,NA,NA,NA,NA,NA,2,"",1,"",43,6,NA,"","cmc_6","YoungScouting,Conservative"
"1/14/22 15:52","1/14/22 15:54",0,"Anonymized",100,105,1,"1/14/22 15:54","R_2YeTqwJjrw0XyfB",NA,NA,NA,NA,"Anonymized","Anonymized","anonymous","EN",1,2,2,NA,NA,NA,NA,NA,NA,NA,NA,NA,NA,NA,NA,NA,NA,50,50,50,3,1,NA,NA,NA,NA,NA,2,"",3,"",40,4,NA,"","cmc_6","SciTech,Conservative"
"1/14/22 15:53","1/14/22 15:56",0,"Anonymized",100,176,1,"1/14/22 15:56","R_2QYxbbHNOE6uxpN",NA,NA,NA,NA,"Anonymized","Anonymized","anonymous","EN",1,2,1,15,40,60,1,NA,NA,NA,NA,NA,NA,NA,NA,NA,NA,NA,NA,NA,NA,NA,60,85,20,2,3,2,"",1,"",32,5,NA,"N/A","cmc_6","SciTech,Liberal"
"1/14/22 15:53","1/14/22 15:58",0,"Anonymized",100,290,1,"1/14/22 15:58","R_2PijYm8ZlWLS3e3",NA,NA,NA,NA,"Anonymized","Anonymized","anonymous","EN",1,2,2,NA,NA,NA,NA,NA,NA,NA,NA,NA,30,50,20,2,3,NA,NA,NA,NA,NA,NA,NA,NA,NA,NA,2,"",1,"",65,4,NA,"","cmc_6","YoungScouting,Liberal"
"1/14/22 15:58","1/14/22 16:00",0,"Anonymized",100,92,1,"1/14/22 16:00","R_3MMq652gj8rTGnM",NA,NA,NA,NA,"Anonymized","Anonymized","anonymous","EN",1,2,2,NA,NA,NA,NA,NA,NA,NA,NA,NA,25,73,50,2,3,NA,NA,NA,NA,NA,NA,NA,NA,NA,NA,2,"",1,"",26,4,NA,"","cmc_6","YoungScouting,Liberal"
"1/14/22 15:57","1/14/22 16:01",0,"Anonymized",100,256,1,"1/14/22 16:01","R_24qjLR6peMoif8U",NA,NA,NA,NA,"Anonymized","Anonymized","anonymous","EN",1,2,2,NA,NA,NA,NA,30,70,60,2,1,NA,NA,NA,NA,NA,NA,NA,NA,NA,NA,NA,NA,NA,NA,NA,1,"",1,"",53,5,NA,"","cmc_6","YoungScouting,Conservative"
"1/14/22 16:02","1/14/22 16:04",0,"Anonymized",100,130,1,"1/14/22 16:04","R_1Cgu9LicvY8OGpQ",NA,NA,NA,NA,"Anonymized","Anonymized","anonymous","EN",1,2,2,NA,NA,NA,NA,NA,NA,NA,NA,NA,NA,NA,NA,NA,NA,71,61,53,2,2,NA,NA,NA,NA,NA,2,"",1,"",30,4,NA,"","cmc_6","SciTech,Conservative"
"1/14/22 16:03","1/14/22 16:05",0,"Anonymized",100,94,1,"1/14/22 16:05","R_2c6IparN9jVzJ6P",NA,NA,NA,NA,"Anonymized","Anonymized","anonymous","EN",1,2,2,NA,NA,NA,NA,NA,NA,NA,NA,NA,NA,NA,NA,NA,NA,NA,NA,NA,NA,NA,73,97,0,2,3,2,"",1,"",26,5,NA,"","cmc_6","SciTech,Liberal"
"1/14/22 16:05","1/14/22 16:06",0,"Anonymized",100,79,1,"1/14/22 16:06","R_2YieYZTJlrV7cc8",NA,NA,NA,NA,"Anonymized","Anonymized","anonymous","EN",1,2,2,NA,NA,NA,NA,NA,NA,NA,NA,NA,NA,NA,NA,NA,NA,10,19,16,2,1,NA,NA,NA,NA,NA,2,"",1,"",30,7,NA,"","cmc_6","SciTech,Conservative"
"1/14/22 16:05","1/14/22 16:09",0,"Anonymized",100,210,1,"1/14/22 16:09","R_3JmXOkxECnkdRAm",NA,NA,NA,NA,"Anonymized","Anonymized","anonymous","EN",1,2,2,NA,NA,NA,NA,NA,NA,NA,NA,NA,NA,NA,NA,NA,NA,NA,NA,NA,NA,NA,75,50,50,2,3,2,"",1,"",35,6,NA,"","cmc_6","SciTech,Liberal"
"1/14/22 16:07","1/14/22 16:09",0,"Anonymized",100,126,1,"1/14/22 16:09","R_PA2rNPmxoQiZok1",NA,NA,NA,NA,"Anonymized","Anonymized","anonymous","EN",1,2,2,NA,NA,NA,NA,NA,NA,NA,NA,NA,71,61,81,2,3,NA,NA,NA,NA,NA,NA,NA,NA,NA,NA,2,"",1,"",39,2,NA,"","cmc_6","YoungScouting,Liberal"
"1/14/22 16:06","1/14/22 16:09",0,"Anonymized",100,196,1,"1/14/22 16:09","R_1eFxNJq6IrtbJcR",NA,NA,NA,NA,"Anonymized","Anonymized","anonymous","EN",1,2,2,NA,NA,NA,NA,55,60,55,2,1,NA,NA,NA,NA,NA,NA,NA,NA,NA,NA,NA,NA,NA,NA,NA,1,"",1,"",56,5,NA,"I am a believer in God - but there is a problem with Churches these days - Christianity isn't taught there anymore.  Too many churches have become political - and are no better than the Pharisees of Jesus' time on earth...  ","cmc_6","YoungScouting,Conservative"
"1/14/22 16:08","1/14/22 16:10",0,"Anonymized",100,119,1,"1/14/22 16:10","R_XI0uFRGLjbN3KN3",NA,NA,NA,NA,"Anonymized","Anonymized","anonymous","EN",1,2,2,NA,NA,NA,NA,10,40,90,2,1,NA,NA,NA,NA,NA,NA,NA,NA,NA,NA,NA,NA,NA,NA,NA,1,"",1,"",50,5,NA,"","cmc_6","YoungScouting,Conservative"
"1/14/22 16:09","1/14/22 16:12",0,"Anonymized",100,213,1,"1/14/22 16:12","R_4HhTKbLo370ahzz",NA,NA,NA,NA,"Anonymized","Anonymized","anonymous","EN",1,2,2,NA,NA,NA,NA,NA,NA,NA,NA,NA,NA,NA,NA,NA,NA,NA,NA,NA,NA,NA,65,70,30,1,3,2,"",3,"",32,5,NA,"","cmc_6","SciTech,Liberal"
"1/14/22 16:11","1/14/22 16:13",0,"Anonymized",100,126,1,"1/14/22 16:13","R_2aJKbxB5MVqOY90",NA,NA,NA,NA,"Anonymized","Anonymized","anonymous","EN",1,2,2,NA,NA,NA,NA,NA,NA,NA,NA,NA,30,60,30,2,3,NA,NA,NA,NA,NA,NA,NA,NA,NA,NA,2,"",1,"",43,8,NA,"","cmc_6","YoungScouting,Liberal"
"1/14/22 16:12","1/14/22 16:13",0,"Anonymized",100,92,1,"1/14/22 16:13","R_1QhlQ5K6WQyH8Zq",NA,NA,NA,NA,"Anonymized","Anonymized","anonymous","EN",1,2,2,NA,NA,NA,NA,NA,NA,NA,NA,NA,75,24,59,2,3,NA,NA,NA,NA,NA,NA,NA,NA,NA,NA,2,"",1,"",32,4,NA,"","cmc_6","YoungScouting,Liberal"
"1/14/22 16:12","1/14/22 16:15",0,"Anonymized",100,179,1,"1/14/22 16:15","R_2dzPMSTP0PcJZQD",NA,NA,NA,NA,"Anonymized","Anonymized","anonymous","EN",1,2,2,NA,NA,NA,NA,70,51,76,1,2,NA,NA,NA,NA,NA,NA,NA,NA,NA,NA,NA,NA,NA,NA,NA,2,"",1,"",65,4,NA,"","cmc_6","YoungScouting,Conservative"
"1/14/22 16:11","1/14/22 16:15",0,"Anonymized",100,267,1,"1/14/22 16:15","R_6RpvlEuhYuDq6wV",NA,NA,NA,NA,"Anonymized","Anonymized","anonymous","EN",1,2,2,NA,NA,NA,NA,50,82,20,2,1,NA,NA,NA,NA,NA,NA,NA,NA,NA,NA,NA,NA,NA,NA,NA,2,"",1,"",62,7,NA,"I found this interesting because personally I pick and choose what I take from almost all books I read. It is easy to pass over information you do not find important or worthwhile. ","cmc_6","YoungScouting,Conservative"
"1/14/22 16:09","1/14/22 16:16",0,"Anonymized",100,454,1,"1/14/22 16:16","R_2RQ87yyCEaiqSNq",NA,NA,NA,NA,"Anonymized","Anonymized","anonymous","EN",1,2,2,NA,NA,NA,NA,NA,NA,NA,NA,NA,NA,NA,NA,NA,NA,78,12,27,2,1,NA,NA,NA,NA,NA,1,"",1,"",62,5,NA,"Reputation can linger long after the facts have changed. Wishing you success with your work.","cmc_6","SciTech,Conservative"
"1/14/22 16:16","1/14/22 16:18",0,"Anonymized",100,153,1,"1/14/22 16:19","R_29oWAa3l8Euc3d1",NA,NA,NA,NA,"Anonymized","Anonymized","anonymous","EN",1,2,2,NA,NA,NA,NA,NA,NA,NA,NA,NA,NA,NA,NA,NA,NA,NA,NA,NA,NA,NA,50,50,50,2,3,2,"",1,"",29,5,NA,"","cmc_6","SciTech,Liberal"
"1/14/22 16:30","1/14/22 16:31",0,"Anonymized",100,106,1,"1/14/22 16:31","R_1joHgOgFY7GLLzc",NA,NA,NA,NA,"Anonymized","Anonymized","anonymous","EN",1,2,2,NA,NA,NA,NA,NA,NA,NA,NA,NA,NA,NA,NA,NA,NA,81,30,0,3,1,NA,NA,NA,NA,NA,2,"",1,"",31,5,NA,"","cmc_6","SciTech,Conservative"
"1/14/22 16:30","1/14/22 16:32",0,"Anonymized",100,138,1,"1/14/22 16:32","R_1GQsGre7OVgoAhz",NA,NA,NA,NA,"Anonymized","Anonymized","anonymous","EN",1,2,2,NA,NA,NA,NA,NA,NA,NA,NA,NA,38,12,51,2,3,NA,NA,NA,NA,NA,NA,NA,NA,NA,NA,1,"",1,"",64,4,NA,"No comments","cmc_6","YoungScouting,Liberal"
"1/14/22 16:32","1/14/22 16:33",0,"Anonymized",100,90,1,"1/14/22 16:33","R_QoiIOBy99E2K2ZP",NA,NA,NA,NA,"Anonymized","Anonymized","anonymous","EN",1,2,2,NA,NA,NA,NA,NA,NA,NA,NA,NA,NA,NA,NA,NA,NA,19,8,0,2,1,NA,NA,NA,NA,NA,1,"",1,"",62,5,NA,"","cmc_6","SciTech,Conservative"
"1/14/22 16:32","1/14/22 16:35",0,"Anonymized",100,127,1,"1/14/22 16:35","R_Y9Vry0xCMEQc6yZ",NA,NA,NA,NA,"Anonymized","Anonymized","anonymous","EN",1,2,2,NA,NA,NA,NA,71,19,14,2,1,NA,NA,NA,NA,NA,NA,NA,NA,NA,NA,NA,NA,NA,NA,NA,2,"",1,"",34,5,NA,"","cmc_6","YoungScouting,Conservative"
"1/14/22 16:32","1/14/22 16:36",0,"Anonymized",100,236,1,"1/14/22 16:36","R_3frDSg5hUq8AW4e",NA,NA,NA,NA,"Anonymized","Anonymized","anonymous","EN",1,2,2,NA,NA,NA,NA,NA,NA,NA,NA,NA,NA,NA,NA,NA,NA,NA,NA,NA,NA,NA,65,80,80,2,3,1,"",4,"",66,5,NA,"","cmc_6","SciTech,Liberal"
"1/14/22 16:36","1/14/22 16:38",0,"Anonymized",100,101,1,"1/14/22 16:38","R_1rqztdCiJ32oldu",NA,NA,NA,NA,"Anonymized","Anonymized","anonymous","EN",1,2,2,NA,NA,NA,NA,NA,NA,NA,NA,NA,83,51,97,1,3,NA,NA,NA,NA,NA,NA,NA,NA,NA,NA,2,"",1,"",60,4,NA,"","cmc_6","YoungScouting,Liberal"
"1/14/22 16:38","1/14/22 16:44",0,"Anonymized",100,383,1,"1/14/22 16:44","R_3hhwrmVUuyBVkAN",NA,NA,NA,NA,"Anonymized","Anonymized","anonymous","EN",1,2,2,NA,NA,NA,NA,NA,NA,NA,NA,NA,NA,NA,NA,NA,NA,75,89,50,2,1,NA,NA,NA,NA,NA,1,"",1,"",33,2,NA,"No comments to add at this time.","cmc_6","SciTech,Conservative"
"1/14/22 16:43","1/14/22 16:45",0,"Anonymized",100,138,1,"1/14/22 16:45","R_3dY25FbsbgyMrZc",NA,NA,NA,NA,"Anonymized","Anonymized","anonymous","EN",1,2,2,NA,NA,NA,NA,NA,NA,NA,NA,NA,NA,NA,NA,NA,NA,NA,NA,NA,NA,NA,20,50,60,2,3,2,"",1,"",63,5,NA,"","cmc_6","SciTech,Liberal"
"1/14/22 16:47","1/14/22 16:48",0,"Anonymized",100,85,1,"1/14/22 16:48","R_DpWOyiH53IQrhgB",NA,NA,NA,NA,"Anonymized","Anonymized","anonymous","EN",1,2,2,NA,NA,NA,NA,NA,NA,NA,NA,NA,71,30,8,2,3,NA,NA,NA,NA,NA,NA,NA,NA,NA,NA,2,"",1,"",60,4,NA,"","cmc_6","YoungScouting,Liberal"
"1/14/22 16:46","1/14/22 16:51",0,"Anonymized",100,260,1,"1/14/22 16:51","R_39sOS9fVrTMi7zb",NA,NA,NA,NA,"Anonymized","Anonymized","anonymous","EN",1,2,2,NA,NA,NA,NA,NA,NA,NA,NA,NA,NA,NA,NA,NA,NA,50,40,51,2,1,NA,NA,NA,NA,NA,2,"",2,"",45,5,NA,"I think that values change over time or that some values may be connected with public opinion, such as when so many companies stood with Black Lives Matters.  I am kind of conflicted on this because it is like a company supporting climate change now supporting oil companies. However, things change over time. ","cmc_6","SciTech,Conservative"
"1/14/22 16:48","1/14/22 16:51",0,"Anonymized",100,183,1,"1/14/22 16:51","R_eJt7PAm3t5o7585",NA,NA,NA,NA,"Anonymized","Anonymized","anonymous","EN",1,2,2,NA,NA,NA,NA,49,5,9,2,1,NA,NA,NA,NA,NA,NA,NA,NA,NA,NA,NA,NA,NA,NA,NA,2,"",1,"",52,5,NA,"","cmc_6","YoungScouting,Conservative"
"1/14/22 16:50","1/14/22 16:51",0,"Anonymized",100,56,1,"1/14/22 16:51","R_1LXKF8Ws5HN8ME2",NA,NA,NA,NA,"Anonymized","Anonymized","anonymous","EN",1,2,2,NA,NA,NA,NA,NA,NA,NA,NA,NA,NA,NA,NA,NA,NA,NA,NA,NA,NA,NA,99,0,100,2,3,1,"",1,"",22,5,NA,"","cmc_6","SciTech,Liberal"
"1/14/22 16:51","1/14/22 16:52",0,"Anonymized",100,81,1,"1/14/22 16:52","R_3LiNvNbRXBFtPIc",NA,NA,NA,NA,"Anonymized","Anonymized","anonymous","EN",1,2,2,NA,NA,NA,NA,NA,NA,NA,NA,NA,NA,NA,NA,NA,NA,57,60,0,2,2,NA,NA,NA,NA,NA,1,"",4,"",27,5,NA,"","cmc_6","SciTech,Conservative"
"1/14/22 16:53","1/14/22 16:59",0,"Anonymized",100,345,1,"1/14/22 16:59","R_3jc8OonPvGpJDgY",NA,NA,NA,NA,"Anonymized","Anonymized","anonymous","EN",1,2,2,NA,NA,NA,NA,NA,NA,NA,NA,NA,NA,NA,NA,NA,NA,NA,NA,NA,NA,NA,50,60,70,2,3,2,"",1,"",35,4,NA,"everything was clear.","cmc_6","SciTech,Liberal"
"1/14/22 16:57","1/14/22 16:59",0,"Anonymized",100,116,1,"1/14/22 16:59","R_1jZnvDavXYYNIOB",NA,NA,NA,NA,"Anonymized","Anonymized","anonymous","EN",1,2,2,NA,NA,NA,NA,100,0,0,2,1,NA,NA,NA,NA,NA,NA,NA,NA,NA,NA,NA,NA,NA,NA,NA,2,"",1,"",31,3,NA,"","cmc_6","YoungScouting,Conservative"
"1/14/22 16:56","1/14/22 17:01",0,"Anonymized",100,244,1,"1/14/22 17:01","R_28S26yBM0ogn6jg",NA,NA,NA,NA,"Anonymized","Anonymized","anonymous","EN",1,2,2,NA,NA,NA,NA,NA,NA,NA,NA,NA,100,56,6,2,3,NA,NA,NA,NA,NA,NA,NA,NA,NA,NA,2,"",1,"",30,3,NA,"","cmc_6","YoungScouting,Liberal"
"1/14/22 16:54","1/14/22 17:07",0,"Anonymized",100,781,1,"1/14/22 17:07","R_2WYEN7VWXq5PJWX",NA,NA,NA,NA,"Anonymized","Anonymized","anonymous","EN",1,2,2,NA,NA,NA,NA,NA,NA,NA,NA,NA,NA,NA,NA,NA,NA,35,58,61,2,1,NA,NA,NA,NA,NA,2,"",2,"",36,5,NA,"","cmc_6","SciTech,Conservative"
"1/14/22 17:05","1/14/22 17:07",0,"Anonymized",100,172,1,"1/14/22 17:07","R_2SH546Ydc15KRaT",NA,NA,NA,NA,"Anonymized","Anonymized","anonymous","EN",1,2,2,NA,NA,NA,NA,NA,NA,NA,NA,NA,NA,NA,NA,NA,NA,NA,NA,NA,NA,NA,80,80,40,2,3,2,"",1,"",30,5,NA,"No","cmc_6","SciTech,Liberal"
"1/14/22 17:10","1/14/22 17:11",0,"Anonymized",100,103,1,"1/14/22 17:11","R_1TW9s6CDPc9RChj",NA,NA,NA,NA,"Anonymized","Anonymized","anonymous","EN",1,2,2,NA,NA,NA,NA,40,0,60,2,1,NA,NA,NA,NA,NA,NA,NA,NA,NA,NA,NA,NA,NA,NA,NA,1,"",1,"",43,5,NA,"","cmc_6","YoungScouting,Conservative"
"1/14/22 17:09","1/14/22 17:13",0,"Anonymized",100,231,1,"1/14/22 17:13","R_3CQrN19IiAZyS2L",NA,NA,NA,NA,"Anonymized","Anonymized","anonymous","EN",1,2,2,NA,NA,NA,NA,NA,NA,NA,NA,NA,13,81,86,2,3,NA,NA,NA,NA,NA,NA,NA,NA,NA,NA,2,"",1,"",62,4,NA,"I think the ""times"" have changed, not the company. They realized that not all of the scouts were or wanted to be Christian and they were discriminating against other religions.","cmc_6","YoungScouting,Liberal"
"1/14/22 17:13","1/14/22 17:15",0,"Anonymized",100,97,1,"1/14/22 17:15","R_1gT3QYA7ZSUesCA",NA,NA,NA,NA,"Anonymized","Anonymized","anonymous","EN",1,2,2,NA,NA,NA,NA,85,0,29,2,1,NA,NA,NA,NA,NA,NA,NA,NA,NA,NA,NA,NA,NA,NA,NA,2,"",1,"",58,5,NA,"","cmc_6","YoungScouting,Conservative"
"1/14/22 17:13","1/14/22 17:15",0,"Anonymized",100,157,1,"1/14/22 17:15","R_a5wWOYnDKVfQwYV",NA,NA,NA,NA,"Anonymized","Anonymized","anonymous","EN",1,2,2,NA,NA,NA,NA,NA,NA,NA,NA,NA,NA,NA,NA,NA,NA,100,50,20,2,1,NA,NA,NA,NA,NA,1,"",1,"",61,5,NA,"","cmc_6","SciTech,Conservative"
"1/14/22 17:16","1/14/22 17:19",0,"Anonymized",100,137,1,"1/14/22 17:19","R_3j6tn0vIAUWqW47",NA,NA,NA,NA,"Anonymized","Anonymized","anonymous","EN",1,2,2,NA,NA,NA,NA,NA,NA,NA,NA,NA,70,8,75,2,3,NA,NA,NA,NA,NA,NA,NA,NA,NA,NA,1,"",1,"",56,6,NA,"","cmc_6","YoungScouting,Liberal"
"1/14/22 17:22","1/14/22 17:24",0,"Anonymized",100,115,1,"1/14/22 17:24","R_Th0sWqXjuiqO1rj",NA,NA,NA,NA,"Anonymized","Anonymized","anonymous","EN",1,2,2,NA,NA,NA,NA,NA,NA,NA,NA,NA,NA,NA,NA,NA,NA,NA,NA,NA,NA,NA,25,100,0,2,3,1,"",1,"",49,5,NA,"","cmc_6","SciTech,Liberal"
"1/14/22 17:23","1/14/22 17:25",0,"Anonymized",100,113,1,"1/14/22 17:25","R_3qPVCFtSVEMv1kU",NA,NA,NA,NA,"Anonymized","Anonymized","anonymous","EN",1,2,2,NA,NA,NA,NA,NA,NA,NA,NA,NA,80,70,13,2,3,NA,NA,NA,NA,NA,NA,NA,NA,NA,NA,1,"",1,"",26,5,NA,"","cmc_6","YoungScouting,Liberal"
"1/14/22 17:23","1/14/22 17:26",0,"Anonymized",100,174,1,"1/14/22 17:26","R_3DdrP4RcwHcwMU7",NA,NA,NA,NA,"Anonymized","Anonymized","anonymous","EN",1,2,2,NA,NA,NA,NA,NA,NA,NA,NA,NA,15,52,85,2,3,NA,NA,NA,NA,NA,NA,NA,NA,NA,NA,2,"",1,"",39,2,NA,"","cmc_6","YoungScouting,Liberal"
"1/14/22 17:26","1/14/22 17:28",0,"Anonymized",100,70,1,"1/14/22 17:28","R_4OpXliQq2yhJuFz",NA,NA,NA,NA,"Anonymized","Anonymized","anonymous","EN",1,2,2,NA,NA,NA,NA,70,0,22,2,1,NA,NA,NA,NA,NA,NA,NA,NA,NA,NA,NA,NA,NA,NA,NA,2,"",1,"",28,5,NA,"","cmc_6","YoungScouting,Conservative"
"1/14/22 17:27","1/14/22 17:31",0,"Anonymized",100,256,1,"1/14/22 17:31","R_1hzgeUxl4QolIKj",NA,NA,NA,NA,"Anonymized","Anonymized","anonymous","EN",1,2,2,NA,NA,NA,NA,NA,NA,NA,NA,NA,NA,NA,NA,NA,NA,95,50,100,2,1,NA,NA,NA,NA,NA,1,"",1,"",77,6,NA,"","cmc_6","SciTech,Conservative"
"1/14/22 17:29","1/14/22 17:31",0,"Anonymized",100,168,1,"1/14/22 17:31","R_1lz4jhhymdESjjp",NA,NA,NA,NA,"Anonymized","Anonymized","anonymous","EN",1,2,2,NA,NA,NA,NA,82,100,100,2,1,NA,NA,NA,NA,NA,NA,NA,NA,NA,NA,NA,NA,NA,NA,NA,1,"",1,"",45,6,NA,"","cmc_6","YoungScouting,Conservative"
"1/14/22 17:33","1/14/22 17:35",0,"Anonymized",100,164,1,"1/14/22 17:35","R_24w0KiWxqZlQbVF",NA,NA,NA,NA,"Anonymized","Anonymized","anonymous","EN",1,2,2,NA,NA,NA,NA,NA,NA,NA,NA,NA,NA,NA,NA,NA,NA,90,50,85,1,2,NA,NA,NA,NA,NA,2,"",1,"",46,6,NA,"","cmc_6","SciTech,Conservative"
"1/14/22 17:35","1/14/22 17:38",0,"Anonymized",100,184,1,"1/14/22 17:38","R_88p9jTXutN6nDBn",NA,NA,NA,NA,"Anonymized","Anonymized","anonymous","EN",1,2,2,NA,NA,NA,NA,NA,NA,NA,NA,NA,NA,NA,NA,NA,NA,NA,NA,NA,NA,NA,40,50,20,2,3,2,"",2,"",40,6,NA,"","cmc_6","SciTech,Liberal"
"1/14/22 17:36","1/14/22 17:40",0,"Anonymized",100,208,1,"1/14/22 17:40","R_1JWlPIxa0tImu09",NA,NA,NA,NA,"Anonymized","Anonymized","anonymous","EN",1,2,2,NA,NA,NA,NA,NA,NA,NA,NA,NA,40,85,10,2,3,NA,NA,NA,NA,NA,NA,NA,NA,NA,NA,2,"",1,"",60,6,NA,"","cmc_6","YoungScouting,Liberal"
"1/14/22 17:37","1/14/22 17:41",0,"Anonymized",100,191,1,"1/14/22 17:41","R_1hHcRub0DECbOmd",NA,NA,NA,NA,"Anonymized","Anonymized","anonymous","EN",1,2,1,15,20,30,1,70,70,60,2,1,NA,NA,NA,NA,NA,NA,NA,NA,NA,NA,NA,NA,NA,NA,NA,1,"",1,"",51,5,NA,"","cmc_6","YoungScouting,Conservative"
"1/14/22 17:45","1/14/22 17:47",0,"Anonymized",100,136,1,"1/14/22 17:47","R_1dafgnqQSS5yDOw",NA,NA,NA,NA,"Anonymized","Anonymized","anonymous","EN",1,2,2,NA,NA,NA,NA,NA,NA,NA,NA,NA,80,30,80,2,3,NA,NA,NA,NA,NA,NA,NA,NA,NA,NA,2,"",1,"",65,4,NA,"","cmc_6","YoungScouting,Liberal"
"1/14/22 17:45","1/14/22 17:51",0,"Anonymized",100,317,1,"1/14/22 17:51","R_3RmBZR9owOhzH2p",NA,NA,NA,NA,"Anonymized","Anonymized","anonymous","EN",1,2,2,NA,NA,NA,NA,30,20,40,2,1,NA,NA,NA,NA,NA,NA,NA,NA,NA,NA,NA,NA,NA,NA,NA,1,"",1,"",53,4,NA,"NONE","cmc_6","YoungScouting,Conservative"
"1/14/22 17:51","1/14/22 17:53",0,"Anonymized",100,89,1,"1/14/22 17:53","R_3mZXvNW0KHECJvW",NA,NA,NA,NA,"Anonymized","Anonymized","anonymous","EN",1,2,2,NA,NA,NA,NA,NA,NA,NA,NA,NA,NA,NA,NA,NA,NA,44,39,67,2,1,NA,NA,NA,NA,NA,2,"",1,"",34,6,NA,"","cmc_6","SciTech,Conservative"
"1/14/22 17:48","1/14/22 17:54",0,"Anonymized",100,353,1,"1/14/22 17:54","R_1kStRi0JpHlf083",NA,NA,NA,NA,"Anonymized","Anonymized","anonymous","EN",1,2,2,NA,NA,NA,NA,NA,NA,NA,NA,NA,NA,NA,NA,NA,NA,80,10,50,2,1,NA,NA,NA,NA,NA,1,"",3,"",55,7,NA,"","cmc_6","SciTech,Conservative"
"1/14/22 17:55","1/14/22 17:56",0,"Anonymized",100,104,1,"1/14/22 17:56","R_8B0y5nZ6OMFc4Ux",NA,NA,NA,NA,"Anonymized","Anonymized","anonymous","EN",1,2,2,NA,NA,NA,NA,NA,NA,NA,NA,NA,28,61,47,2,3,NA,NA,NA,NA,NA,NA,NA,NA,NA,NA,2,"",1,"",37,4,NA,"","cmc_6","YoungScouting,Liberal"
"1/14/22 17:58","1/14/22 17:59",0,"Anonymized",100,80,1,"1/14/22 17:59","R_1M3xEcJZQ9hZcqL",NA,NA,NA,NA,"Anonymized","Anonymized","anonymous","EN",1,2,2,NA,NA,NA,NA,53,16,59,2,1,NA,NA,NA,NA,NA,NA,NA,NA,NA,NA,NA,NA,NA,NA,NA,1,"",1,"",41,6,NA,"","cmc_6","YoungScouting,Conservative"
"1/14/22 18:11","1/14/22 18:13",0,"Anonymized",100,133,1,"1/14/22 18:13","R_2q4OqPYVWT7EY03",NA,NA,NA,NA,"Anonymized","Anonymized","anonymous","EN",1,2,2,NA,NA,NA,NA,NA,NA,NA,NA,NA,NA,NA,NA,NA,NA,NA,NA,NA,NA,NA,32,7,23,3,3,2,"",2,"",29,6,NA,"","cmc_6","SciTech,Liberal"
"1/14/22 18:16","1/14/22 18:20",0,"Anonymized",100,249,1,"1/14/22 18:20","R_DB28UU9d30aQh3P",NA,NA,NA,NA,"Anonymized","Anonymized","anonymous","EN",1,2,2,NA,NA,NA,NA,NA,NA,NA,NA,NA,NA,NA,NA,NA,NA,NA,NA,NA,NA,NA,19,61,70,2,3,2,"",1,"",55,4,NA,"","cmc_6","SciTech,Liberal"
"1/14/22 18:17","1/14/22 18:21",0,"Anonymized",100,243,1,"1/14/22 18:21","R_3iWJFUpYZW9JGZW",NA,NA,NA,NA,"Anonymized","Anonymized","anonymous","EN",1,2,2,NA,NA,NA,NA,NA,NA,NA,NA,NA,30,50,0,2,3,NA,NA,NA,NA,NA,NA,NA,NA,NA,NA,2,"",1,"",35,5,NA,"I really like the idea that consumers can use their buying power to make companies more responsible.","cmc_6","YoungScouting,Liberal"
"1/14/22 18:17","1/14/22 18:23",0,"Anonymized",100,319,1,"1/14/22 18:23","R_x0p9vlV1R56NiKd",NA,NA,NA,NA,"Anonymized","Anonymized","anonymous","EN",1,2,1,15,30,40,1,NA,NA,NA,NA,NA,NA,NA,NA,NA,NA,80,70,25,2,1,NA,NA,NA,NA,NA,2,"",2,"",54,5,NA,"thank you.","cmc_6","SciTech,Conservative"
"1/14/22 18:22","1/14/22 18:23",0,"Anonymized",100,87,1,"1/14/22 18:23","R_1eFvaZYitmOlJ6Y",NA,NA,NA,NA,"Anonymized","Anonymized","anonymous","EN",1,2,2,NA,NA,NA,NA,59,15,45,2,1,NA,NA,NA,NA,NA,NA,NA,NA,NA,NA,NA,NA,NA,NA,NA,1,"",1,"",32,5,NA,"","cmc_6","YoungScouting,Conservative"
"1/14/22 18:24","1/14/22 18:25",0,"Anonymized",100,60,1,"1/14/22 18:25","R_XMoK4hWYhdvJgVX",NA,NA,NA,NA,"Anonymized","Anonymized","anonymous","EN",1,2,2,NA,NA,NA,NA,NA,NA,NA,NA,NA,69,89,0,2,3,NA,NA,NA,NA,NA,NA,NA,NA,NA,NA,1,"",1,"",35,5,NA,"","cmc_6","YoungScouting,Liberal"
"1/14/22 18:24","1/14/22 18:27",0,"Anonymized",100,161,1,"1/14/22 18:27","R_3Gjia2rfOPw6FaT",NA,NA,NA,NA,"Anonymized","Anonymized","anonymous","EN",1,2,2,NA,NA,NA,NA,NA,NA,NA,NA,NA,NA,NA,NA,NA,NA,NA,NA,NA,NA,NA,40,50,80,2,3,1,"",1,"",62,7,NA,"","cmc_6","SciTech,Liberal"
"1/14/22 18:27","1/14/22 18:29",0,"Anonymized",100,118,1,"1/14/22 18:29","R_TvIJBnCyZOw1fhv",NA,NA,NA,NA,"Anonymized","Anonymized","anonymous","EN",1,2,2,NA,NA,NA,NA,13,50,54,2,1,NA,NA,NA,NA,NA,NA,NA,NA,NA,NA,NA,NA,NA,NA,NA,1,"",1,"",32,2,NA,"","cmc_6","YoungScouting,Conservative"
"1/14/22 18:31","1/14/22 18:34",0,"Anonymized",100,141,1,"1/14/22 18:34","R_2wRmKZjYZQ444Jr",NA,NA,NA,NA,"Anonymized","Anonymized","anonymous","EN",1,2,2,NA,NA,NA,NA,NA,NA,NA,NA,NA,NA,NA,NA,NA,NA,63,50,46,2,1,NA,NA,NA,NA,NA,1,"",1,"",49,5,NA,"","cmc_6","SciTech,Conservative"
"1/14/22 18:33","1/14/22 18:34",0,"Anonymized",100,51,1,"1/14/22 18:34","R_24MNqQgo652JjDe",NA,NA,NA,NA,"Anonymized","Anonymized","anonymous","EN",1,2,2,NA,NA,NA,NA,NA,NA,NA,NA,NA,NA,NA,NA,NA,NA,NA,NA,NA,NA,NA,50,61,80,2,2,2,"",1,"",26,6,NA,"","cmc_6","SciTech,Liberal"
"1/14/22 18:34","1/14/22 18:37",0,"Anonymized",100,142,1,"1/14/22 18:37","R_xx7ZyfikuFLhmq5",NA,NA,NA,NA,"Anonymized","Anonymized","anonymous","EN",1,2,2,NA,NA,NA,NA,NA,NA,NA,NA,NA,40,71,50,2,3,NA,NA,NA,NA,NA,NA,NA,NA,NA,NA,2,"",1,"",44,2,NA,"","cmc_6","YoungScouting,Liberal"
"1/14/22 18:37","1/14/22 18:38",0,"Anonymized",100,109,1,"1/14/22 18:38","R_238ZcJWiJbyMfR4",NA,NA,NA,NA,"Anonymized","Anonymized","anonymous","EN",1,2,2,NA,NA,NA,NA,NA,NA,NA,NA,NA,NA,NA,NA,NA,NA,NA,NA,NA,NA,NA,42,50,78,2,3,1,"",4,"",24,4,NA,"","cmc_6","SciTech,Liberal"
"1/14/22 18:37","1/14/22 18:39",0,"Anonymized",100,140,1,"1/14/22 18:39","R_2qz34QEtBIZZTmc",NA,NA,NA,NA,"Anonymized","Anonymized","anonymous","EN",1,2,2,NA,NA,NA,NA,NA,NA,NA,NA,NA,NA,NA,NA,NA,NA,91,20,0,3,1,NA,NA,NA,NA,NA,4,"non-binary",1,"",40,5,NA,"","cmc_6","SciTech,Conservative"
"1/14/22 18:38","1/14/22 18:41",0,"Anonymized",100,152,1,"1/14/22 18:41","R_25yF2fwbP8XFGYW",NA,NA,NA,NA,"Anonymized","Anonymized","anonymous","EN",1,2,2,NA,NA,NA,NA,NA,NA,NA,NA,NA,21,50,8,1,3,NA,NA,NA,NA,NA,NA,NA,NA,NA,NA,2,"",1,"",53,7,NA,"","cmc_6","YoungScouting,Liberal"
"1/14/22 18:41","1/14/22 18:44",0,"Anonymized",100,179,1,"1/14/22 18:44","R_sLiJD30CUeGI4Vj",NA,NA,NA,NA,"Anonymized","Anonymized","anonymous","EN",1,2,2,NA,NA,NA,NA,80,50,0,1,3,NA,NA,NA,NA,NA,NA,NA,NA,NA,NA,NA,NA,NA,NA,NA,2,"",1,"",44,4,NA,"","cmc_6","YoungScouting,Conservative"
"1/14/22 18:41","1/14/22 18:44",0,"Anonymized",100,188,1,"1/14/22 18:44","R_WeOYVwybg1PpN3H",NA,NA,NA,NA,"Anonymized","Anonymized","anonymous","EN",1,2,2,NA,NA,NA,NA,53,67,75,2,2,NA,NA,NA,NA,NA,NA,NA,NA,NA,NA,NA,NA,NA,NA,NA,2,"",1,"",45,3,NA,"","cmc_6","YoungScouting,Conservative"
"1/14/22 18:46","1/14/22 18:47",0,"Anonymized",100,82,1,"1/14/22 18:47","R_27qj5m8wLzaN1zI",NA,NA,NA,NA,"Anonymized","Anonymized","anonymous","EN",1,2,2,NA,NA,NA,NA,NA,NA,NA,NA,NA,NA,NA,NA,NA,NA,57,49,83,1,1,NA,NA,NA,NA,NA,2,"",1,"",52,5,NA,"","cmc_6","SciTech,Conservative"
"1/14/22 18:48","1/14/22 18:50",0,"Anonymized",100,103,1,"1/14/22 18:50","R_3k5FdXuS7UfKV5j",NA,NA,NA,NA,"Anonymized","Anonymized","anonymous","EN",1,2,2,NA,NA,NA,NA,NA,NA,NA,NA,NA,NA,NA,NA,NA,NA,NA,NA,NA,NA,NA,25,90,40,2,3,1,"",3,"",31,4,NA,"","cmc_6","SciTech,Liberal"
"1/14/22 18:28","1/14/22 18:51",0,"Anonymized",100,1409,1,"1/14/22 18:51","R_2scoFAWjT1mn9gB",NA,NA,NA,NA,"Anonymized","Anonymized","anonymous","EN",1,2,2,NA,NA,NA,NA,NA,NA,NA,NA,NA,NA,NA,NA,NA,NA,78,100,100,1,2,NA,NA,NA,NA,NA,2,"",1,"",36,4,NA,"","cmc_6","SciTech,Conservative"
"1/14/22 18:51","1/14/22 18:53",0,"Anonymized",100,103,1,"1/14/22 18:53","R_27NJ1jXYTobOENn",NA,NA,NA,NA,"Anonymized","Anonymized","anonymous","EN",1,2,2,NA,NA,NA,NA,NA,NA,NA,NA,NA,14,99,25,2,3,NA,NA,NA,NA,NA,NA,NA,NA,NA,NA,1,"",1,"",47,5,NA,"","cmc_6","YoungScouting,Liberal"
"1/14/22 18:36","1/14/22 18:55",0,"Anonymized",100,1133,1,"1/14/22 18:55","R_24pkiryphzSFv0m",NA,NA,NA,NA,"Anonymized","Anonymized","anonymous","EN",1,2,2,NA,NA,NA,NA,61,0,0,2,1,NA,NA,NA,NA,NA,NA,NA,NA,NA,NA,NA,NA,NA,NA,NA,2,"",1,"",28,4,NA,"","cmc_6","YoungScouting,Conservative"
"1/14/22 18:54","1/14/22 18:57",0,"Anonymized",100,124,1,"1/14/22 18:57","R_0IKAyZSRNOmrCIF",NA,NA,NA,NA,"Anonymized","Anonymized","anonymous","EN",1,2,2,NA,NA,NA,NA,80,0,0,2,1,NA,NA,NA,NA,NA,NA,NA,NA,NA,NA,NA,NA,NA,NA,NA,2,"",1,"",50,5,NA,"","cmc_6","YoungScouting,Conservative"
"1/14/22 19:00","1/14/22 19:02",0,"Anonymized",100,121,1,"1/14/22 19:02","R_2rq4qhD0knqTtht",NA,NA,NA,NA,"Anonymized","Anonymized","anonymous","EN",1,2,2,NA,NA,NA,NA,NA,NA,NA,NA,NA,NA,NA,NA,NA,NA,NA,NA,NA,NA,NA,40,40,60,3,2,1,"",1,"",36,5,NA,"","cmc_6","SciTech,Liberal"
"1/14/22 19:00","1/14/22 19:02",0,"Anonymized",100,91,1,"1/14/22 19:02","R_2w7aFhRxEQjpC9u",NA,NA,NA,NA,"Anonymized","Anonymized","anonymous","EN",1,2,2,NA,NA,NA,NA,NA,NA,NA,NA,NA,59,71,46,1,3,NA,NA,NA,NA,NA,NA,NA,NA,NA,NA,2,"",1,"",26,6,NA,"","cmc_6","YoungScouting,Liberal"
"1/14/22 19:00","1/14/22 19:02",0,"Anonymized",100,144,1,"1/14/22 19:02","R_2V1GeEbyNFe59dh",NA,NA,NA,NA,"Anonymized","Anonymized","anonymous","EN",1,2,2,NA,NA,NA,NA,NA,NA,NA,NA,NA,NA,NA,NA,NA,NA,30,73,20,2,1,NA,NA,NA,NA,NA,2,"",1,"",43,4,NA,"","cmc_6","SciTech,Conservative"
"1/14/22 19:00","1/14/22 19:03",0,"Anonymized",100,169,1,"1/14/22 19:03","R_3jZOk4MFnj1z0Fq",NA,NA,NA,NA,"Anonymized","Anonymized","anonymous","EN",1,2,2,NA,NA,NA,NA,NA,NA,NA,NA,NA,NA,NA,NA,NA,NA,31,19,80,2,1,NA,NA,NA,NA,NA,2,"",1,"",73,2,NA,"","cmc_6","SciTech,Conservative"
"1/14/22 19:05","1/14/22 19:07",0,"Anonymized",100,98,1,"1/14/22 19:07","R_1IubQbBufqU5s1N",NA,NA,NA,NA,"Anonymized","Anonymized","anonymous","EN",1,2,2,NA,NA,NA,NA,10,15,20,2,1,NA,NA,NA,NA,NA,NA,NA,NA,NA,NA,NA,NA,NA,NA,NA,2,"",4,"",29,5,NA,"","cmc_6","YoungScouting,Conservative"
"1/14/22 19:05","1/14/22 19:08",0,"Anonymized",100,174,1,"1/14/22 19:08","R_33EEMjHkYZ3R2BI",NA,NA,NA,NA,"Anonymized","Anonymized","anonymous","EN",1,2,2,NA,NA,NA,NA,NA,NA,NA,NA,NA,NA,NA,NA,NA,NA,NA,NA,NA,NA,NA,50,85,45,2,3,2,"",1,"",54,5,NA,"I don't, but thank you!  ","cmc_6","SciTech,Liberal"
"1/14/22 19:05","1/14/22 19:08",0,"Anonymized",100,142,1,"1/14/22 19:08","R_pxCzrLjg2Z0PlV7",NA,NA,NA,NA,"Anonymized","Anonymized","anonymous","EN",1,2,2,NA,NA,NA,NA,NA,NA,NA,NA,NA,NA,NA,NA,NA,NA,75,23,43,2,1,NA,NA,NA,NA,NA,2,"",1,"",50,6,NA,"","cmc_6","SciTech,Conservative"
"1/14/22 19:08","1/14/22 19:11",0,"Anonymized",100,211,1,"1/14/22 19:11","R_3HMRAPXnFAnNlGf",NA,NA,NA,NA,"Anonymized","Anonymized","anonymous","EN",1,2,2,NA,NA,NA,NA,5,0,69,2,1,NA,NA,NA,NA,NA,NA,NA,NA,NA,NA,NA,NA,NA,NA,NA,1,"",1,"",51,5,NA,"","cmc_6","YoungScouting,Conservative"
"1/14/22 19:11","1/14/22 19:14",0,"Anonymized",100,159,1,"1/14/22 19:14","R_2OQ08MOXLod8Y9Q",NA,NA,NA,NA,"Anonymized","Anonymized","anonymous","EN",1,2,2,NA,NA,NA,NA,NA,NA,NA,NA,NA,NA,NA,NA,NA,NA,NA,NA,NA,NA,NA,20,25,51,2,3,2,"",1,"",51,4,NA,"","cmc_6","SciTech,Liberal"
"1/14/22 19:13","1/14/22 19:15",0,"Anonymized",100,115,1,"1/14/22 19:15","R_38yG1Ljsbw8SqTD",NA,NA,NA,NA,"Anonymized","Anonymized","anonymous","EN",1,2,2,NA,NA,NA,NA,NA,NA,NA,NA,NA,20,50,60,2,3,NA,NA,NA,NA,NA,NA,NA,NA,NA,NA,2,"",1,"",34,3,NA,"","cmc_6","YoungScouting,Liberal"
"1/14/22 19:14","1/14/22 19:16",0,"Anonymized",100,110,1,"1/14/22 19:16","R_1H2FeIOXmEeviPk",NA,NA,NA,NA,"Anonymized","Anonymized","anonymous","EN",1,2,2,NA,NA,NA,NA,NA,NA,NA,NA,NA,NA,NA,NA,NA,NA,NA,NA,NA,NA,NA,75,89,23,2,3,2,"",1,"",36,2,NA,"","cmc_6","SciTech,Liberal"
"1/14/22 19:15","1/14/22 19:18",0,"Anonymized",100,152,1,"1/14/22 19:18","R_28XKhvXfJWctVxy",NA,NA,NA,NA,"Anonymized","Anonymized","anonymous","EN",1,2,2,NA,NA,NA,NA,NA,NA,NA,NA,NA,50,80,61,2,3,NA,NA,NA,NA,NA,NA,NA,NA,NA,NA,2,"",1,"",62,6,NA,"no","cmc_6","YoungScouting,Liberal"
"1/14/22 19:12","1/14/22 19:21",0,"Anonymized",100,499,1,"1/14/22 19:21","R_2PvzgOL60jVA8cY",NA,NA,NA,NA,"Anonymized","Anonymized","anonymous","EN",1,2,2,NA,NA,NA,NA,59,63,58,2,1,NA,NA,NA,NA,NA,NA,NA,NA,NA,NA,NA,NA,NA,NA,NA,1,"",1,"",39,5,NA,"","cmc_6","YoungScouting,Conservative"
"1/14/22 19:18","1/14/22 19:21",0,"Anonymized",100,122,1,"1/14/22 19:21","R_V3DLSPmoLWPiJDH",NA,NA,NA,NA,"Anonymized","Anonymized","anonymous","EN",1,2,2,NA,NA,NA,NA,NA,NA,NA,NA,NA,NA,NA,NA,NA,NA,70,13,21,2,1,NA,NA,NA,NA,NA,1,"",1,"",39,6,NA,"","cmc_6","SciTech,Conservative"
"1/14/22 19:20","1/14/22 19:22",0,"Anonymized",100,77,1,"1/14/22 19:22","R_aVJPIJVnoBj5oSl",NA,NA,NA,NA,"Anonymized","Anonymized","anonymous","EN",1,2,2,NA,NA,NA,NA,11,96,51,2,1,NA,NA,NA,NA,NA,NA,NA,NA,NA,NA,NA,NA,NA,NA,NA,1,"",2,"",39,5,NA,"","cmc_6","YoungScouting,Conservative"
"1/14/22 19:20","1/14/22 19:22",0,"Anonymized",100,101,1,"1/14/22 19:22","R_yQHMvjW0Tn70z6x",NA,NA,NA,NA,"Anonymized","Anonymized","anonymous","EN",1,2,2,NA,NA,NA,NA,NA,NA,NA,NA,NA,NA,NA,NA,NA,NA,81,27,63,2,1,NA,NA,NA,NA,NA,2,"",1,"",47,4,NA,"","cmc_6","SciTech,Conservative"
"1/14/22 19:24","1/14/22 19:26",0,"Anonymized",100,93,1,"1/14/22 19:26","R_3F4HIVY62fZdd33",NA,NA,NA,NA,"Anonymized","Anonymized","anonymous","EN",1,2,2,NA,NA,NA,NA,NA,NA,NA,NA,NA,NA,NA,NA,NA,NA,NA,NA,NA,NA,NA,51,63,8,2,3,2,"",1,"",35,5,NA,"","cmc_6","SciTech,Liberal"
"1/14/22 19:24","1/14/22 19:26",0,"Anonymized",100,84,1,"1/14/22 19:26","R_2y1lNJDfRViLJX6",NA,NA,NA,NA,"Anonymized","Anonymized","anonymous","EN",1,2,2,NA,NA,NA,NA,NA,NA,NA,NA,NA,NA,NA,NA,NA,NA,NA,NA,NA,NA,NA,51,51,20,3,2,2,"",1,"",35,6,NA,"","cmc_6","SciTech,Liberal"
"1/14/22 19:20","1/14/22 19:36",0,"Anonymized",100,987,1,"1/14/22 19:36","R_1GChGne6YemVxaF",NA,NA,NA,NA,"Anonymized","Anonymized","anonymous","EN",1,2,2,NA,NA,NA,NA,NA,NA,NA,NA,NA,99,3,52,2,3,NA,NA,NA,NA,NA,NA,NA,NA,NA,NA,2,"",1,"",43,2,NA,"That was extremely interesting debriefing. This gives me something to think about. Thank you For letting me participate","cmc_6","YoungScouting,Liberal"
"1/14/22 19:41","1/14/22 19:43",0,"Anonymized",100,79,1,"1/14/22 19:43","R_1E56TtPUhkywbXv",NA,NA,NA,NA,"Anonymized","Anonymized","anonymous","EN",1,2,2,NA,NA,NA,NA,NA,NA,NA,NA,NA,26,42,11,2,3,NA,NA,NA,NA,NA,NA,NA,NA,NA,NA,2,"",1,"",27,5,NA,"","cmc_6","YoungScouting,Liberal"
"1/14/22 19:40","1/14/22 19:43",0,"Anonymized",100,164,1,"1/14/22 19:43","R_2bCjcFkp1BMhVgl",NA,NA,NA,NA,"Anonymized","Anonymized","anonymous","EN",1,2,2,NA,NA,NA,NA,NA,NA,NA,NA,NA,NA,NA,NA,NA,NA,83,35,61,2,1,NA,NA,NA,NA,NA,1,"",1,"",36,4,NA,"","cmc_6","SciTech,Conservative"
"1/14/22 19:40","1/14/22 19:43",0,"Anonymized",100,215,1,"1/14/22 19:43","R_Rnb6Gdi3sRQOkvf",NA,NA,NA,NA,"Anonymized","Anonymized","anonymous","EN",1,2,2,NA,NA,NA,NA,73,8,51,3,2,NA,NA,NA,NA,NA,NA,NA,NA,NA,NA,NA,NA,NA,NA,NA,2,"",1,"",48,5,NA,"Those questions were a little confusing how they were worded compared to the article written.","cmc_6","YoungScouting,Conservative"
"1/14/22 19:44","1/14/22 19:48",0,"Anonymized",100,223,1,"1/14/22 19:48","R_3p9ZldSQlWRhf2m",NA,NA,NA,NA,"Anonymized","Anonymized","anonymous","EN",1,2,2,NA,NA,NA,NA,70,50,51,2,1,NA,NA,NA,NA,NA,NA,NA,NA,NA,NA,NA,NA,NA,NA,NA,2,"",4,"",56,4,NA,"","cmc_6","YoungScouting,Conservative"
"1/14/22 19:53","1/14/22 19:55",0,"Anonymized",100,140,1,"1/14/22 19:55","R_1ie2TZy10JxdlNe",NA,NA,NA,NA,"Anonymized","Anonymized","anonymous","EN",1,2,2,NA,NA,NA,NA,NA,NA,NA,NA,NA,51,51,30,2,3,NA,NA,NA,NA,NA,NA,NA,NA,NA,NA,2,"",1,"",28,6,NA,"","cmc_6","YoungScouting,Liberal"
"1/14/22 19:57","1/14/22 19:58",0,"Anonymized",100,102,1,"1/14/22 19:58","R_3gSi0T7X56IbErt",NA,NA,NA,NA,"Anonymized","Anonymized","anonymous","EN",1,2,2,NA,NA,NA,NA,NA,NA,NA,NA,NA,NA,NA,NA,NA,NA,NA,NA,NA,NA,NA,40,65,0,2,3,2,"",1,"",38,4,NA,"","cmc_6","SciTech,Liberal"
"1/14/22 19:56","1/14/22 19:59",0,"Anonymized",100,132,1,"1/14/22 19:59","R_2aztDwRO6D6EMP6",NA,NA,NA,NA,"Anonymized","Anonymized","anonymous","EN",1,2,2,NA,NA,NA,NA,NA,NA,NA,NA,NA,NA,NA,NA,NA,NA,71,40,14,2,1,NA,NA,NA,NA,NA,2,"",3,"",34,8,NA,"","cmc_6","SciTech,Conservative"
"1/14/22 19:59","1/14/22 20:00",0,"Anonymized",100,93,1,"1/14/22 20:00","R_3EavqyG9cxuChkE",NA,NA,NA,NA,"Anonymized","Anonymized","anonymous","EN",1,2,2,NA,NA,NA,NA,20,50,60,2,1,NA,NA,NA,NA,NA,NA,NA,NA,NA,NA,NA,NA,NA,NA,NA,1,"",1,"",36,5,NA,"","cmc_6","YoungScouting,Conservative"
"1/14/22 19:58","1/14/22 20:01",0,"Anonymized",100,168,1,"1/14/22 20:01","R_2PwowvrXIMDQpDC",NA,NA,NA,NA,"Anonymized","Anonymized","anonymous","EN",1,2,2,NA,NA,NA,NA,NA,NA,NA,NA,NA,NA,NA,NA,NA,NA,NA,NA,NA,NA,NA,60,100,40,2,3,2,"",1,"",56,6,NA,"","cmc_6","SciTech,Liberal"
"1/14/22 20:12","1/14/22 20:14",0,"Anonymized",100,101,1,"1/14/22 20:14","R_3G3RAr3lhSHtduk",NA,NA,NA,NA,"Anonymized","Anonymized","anonymous","EN",1,2,2,NA,NA,NA,NA,NA,NA,NA,NA,NA,NA,NA,NA,NA,NA,30,40,33,2,1,NA,NA,NA,NA,NA,1,"",1,"",52,5,NA,"","cmc_6","SciTech,Conservative"
"1/14/22 20:13","1/14/22 20:15",0,"Anonymized",100,151,1,"1/14/22 20:15","R_3lGkps8Ozid23QC",NA,NA,NA,NA,"Anonymized","Anonymized","anonymous","EN",1,2,2,NA,NA,NA,NA,NA,NA,NA,NA,NA,50,50,50,2,3,NA,NA,NA,NA,NA,NA,NA,NA,NA,NA,2,"",1,"",38,4,NA,"","cmc_6","YoungScouting,Liberal"
"1/14/22 20:13","1/14/22 20:16",0,"Anonymized",100,158,1,"1/14/22 20:16","R_3PXEkYcZasdvlpm",NA,NA,NA,NA,"Anonymized","Anonymized","anonymous","EN",1,2,2,NA,NA,NA,NA,NA,NA,NA,NA,NA,0,100,0,2,3,NA,NA,NA,NA,NA,NA,NA,NA,NA,NA,2,"",1,"",33,2,NA,"It went fine, thank you.","cmc_6","YoungScouting,Liberal"
"1/14/22 20:15","1/14/22 20:18",0,"Anonymized",100,143,1,"1/14/22 20:18","R_22Q9IxM7JSKRtaa",NA,NA,NA,NA,"Anonymized","Anonymized","anonymous","EN",1,2,2,NA,NA,NA,NA,NA,NA,NA,NA,NA,NA,NA,NA,NA,NA,NA,NA,NA,NA,NA,18,50,63,3,2,1,"",1,"",48,5,NA,"","cmc_6","SciTech,Liberal"
"1/14/22 20:24","1/14/22 20:28",0,"Anonymized",100,227,1,"1/14/22 20:28","R_3h5ysa7Rp4d16XA",NA,NA,NA,NA,"Anonymized","Anonymized","anonymous","EN",1,2,2,NA,NA,NA,NA,55,98,74,2,1,NA,NA,NA,NA,NA,NA,NA,NA,NA,NA,NA,NA,NA,NA,NA,2,"",4,"",33,5,NA,"","cmc_6","YoungScouting,Conservative"
"1/14/22 20:25","1/14/22 20:28",0,"Anonymized",100,161,1,"1/14/22 20:28","R_3CAQm5nnKmRWML7",NA,NA,NA,NA,"Anonymized","Anonymized","anonymous","EN",1,2,2,NA,NA,NA,NA,NA,NA,NA,NA,NA,NA,NA,NA,NA,NA,28,61,50,2,1,NA,NA,NA,NA,NA,1,"",1,"",29,6,NA,"","cmc_6","SciTech,Conservative"
"1/14/22 20:24","1/14/22 20:30",0,"Anonymized",100,364,1,"1/14/22 20:30","R_3IY4p7Xm4NQI33V",NA,NA,NA,NA,"Anonymized","Anonymized","anonymous","EN",1,2,2,NA,NA,NA,NA,NA,NA,NA,NA,NA,NA,NA,NA,NA,NA,100,0,12,2,1,NA,NA,NA,NA,NA,2,"",2,"",27,4,NA,"","cmc_6","SciTech,Conservative"
"1/14/22 20:39","1/14/22 20:40",0,"Anonymized",100,88,1,"1/14/22 20:40","R_oXervTmPkrH4YbD",NA,NA,NA,NA,"Anonymized","Anonymized","anonymous","EN",1,2,2,NA,NA,NA,NA,NA,NA,NA,NA,NA,50,50,0,2,3,NA,NA,NA,NA,NA,NA,NA,NA,NA,NA,2,"",1,"",26,5,NA,"","cmc_6","YoungScouting,Liberal"
"1/14/22 20:37","1/14/22 20:40",0,"Anonymized",100,229,1,"1/14/22 20:40","R_2aLXKfxjk18Mnff",NA,NA,NA,NA,"Anonymized","Anonymized","anonymous","EN",1,2,2,NA,NA,NA,NA,100,3,50,2,3,NA,NA,NA,NA,NA,NA,NA,NA,NA,NA,NA,NA,NA,NA,NA,2,"",1,"",30,2,NA,"","cmc_6","YoungScouting,Conservative"
"1/14/22 20:37","1/14/22 20:41",0,"Anonymized",100,200,1,"1/14/22 20:41","R_1cZK71ib27FrRlD",NA,NA,NA,NA,"Anonymized","Anonymized","anonymous","EN",1,2,2,NA,NA,NA,NA,NA,NA,NA,NA,NA,NA,NA,NA,NA,NA,NA,NA,NA,NA,NA,100,1,100,2,2,2,"",1,"",54,5,NA,"","cmc_6","SciTech,Liberal"
"1/14/22 20:39","1/14/22 20:42",0,"Anonymized",100,179,1,"1/14/22 20:42","R_2OUx02stS1HpTp5",NA,NA,NA,NA,"Anonymized","Anonymized","anonymous","EN",1,2,2,NA,NA,NA,NA,NA,NA,NA,NA,NA,100,50,50,2,3,NA,NA,NA,NA,NA,NA,NA,NA,NA,NA,2,"",1,"",67,5,NA,"","cmc_6","YoungScouting,Liberal"
"1/14/22 20:39","1/14/22 20:42",0,"Anonymized",100,169,1,"1/14/22 20:42","R_2R8QzME5cSpK4U5",NA,NA,NA,NA,"Anonymized","Anonymized","anonymous","EN",1,2,2,NA,NA,NA,NA,61,21,45,2,1,NA,NA,NA,NA,NA,NA,NA,NA,NA,NA,NA,NA,NA,NA,NA,1,"",3,"",46,5,NA,"","cmc_6","YoungScouting,Conservative"
"1/14/22 20:40","1/14/22 20:42",0,"Anonymized",100,133,1,"1/14/22 20:42","R_1P7sBdOVzoJUtN4",NA,NA,NA,NA,"Anonymized","Anonymized","anonymous","EN",1,2,2,NA,NA,NA,NA,NA,NA,NA,NA,NA,NA,NA,NA,NA,NA,NA,NA,NA,NA,NA,40,50,40,2,3,2,"",1,"",28,5,NA,"","cmc_6","SciTech,Liberal"
"1/14/22 20:42","1/14/22 20:45",0,"Anonymized",100,192,1,"1/14/22 20:45","R_2t3wNA1pymtb1Ep",NA,NA,NA,NA,"Anonymized","Anonymized","anonymous","EN",1,2,2,NA,NA,NA,NA,NA,NA,NA,NA,NA,NA,NA,NA,NA,NA,85,17,22,2,1,NA,NA,NA,NA,NA,1,"",1,"",44,5,NA,"","cmc_6","SciTech,Conservative"
"1/14/22 20:44","1/14/22 20:46",0,"Anonymized",100,90,1,"1/14/22 20:46","R_3jZ4A9PTh6HY1XS",NA,NA,NA,NA,"Anonymized","Anonymized","anonymous","EN",1,2,2,NA,NA,NA,NA,NA,NA,NA,NA,NA,NA,NA,NA,NA,NA,100,90,86,2,1,NA,NA,NA,NA,NA,2,"",1,"",25,4,NA,"Thank you!","cmc_6","SciTech,Conservative"
"1/14/22 20:49","1/14/22 20:51",0,"Anonymized",100,102,1,"1/14/22 20:51","R_1dKqTC63aVeiPbG",NA,NA,NA,NA,"Anonymized","Anonymized","anonymous","EN",1,2,2,NA,NA,NA,NA,NA,NA,NA,NA,NA,NA,NA,NA,NA,NA,NA,NA,NA,NA,NA,6,45,100,2,3,2,"",2,"",31,4,NA,"","cmc_6","SciTech,Liberal"
"1/14/22 20:52","1/14/22 20:53",0,"Anonymized",100,65,1,"1/14/22 20:53","R_79ubdeW3467tIHf",NA,NA,NA,NA,"Anonymized","Anonymized","anonymous","EN",1,2,2,NA,NA,NA,NA,38,73,44,2,3,NA,NA,NA,NA,NA,NA,NA,NA,NA,NA,NA,NA,NA,NA,NA,1,"",1,"",21,4,NA,"","cmc_6","YoungScouting,Conservative"
"1/14/22 20:55","1/14/22 20:57",0,"Anonymized",100,119,1,"1/14/22 20:57","R_3dR3pfNaqEDnDkj",NA,NA,NA,NA,"Anonymized","Anonymized","anonymous","EN",1,2,2,NA,NA,NA,NA,NA,NA,NA,NA,NA,NA,NA,NA,NA,NA,NA,NA,NA,NA,NA,76,56,0,2,2,2,"",1,"",29,4,NA,"","cmc_6","SciTech,Liberal"
"1/14/22 20:54","1/14/22 20:58",0,"Anonymized",100,259,1,"1/14/22 20:58","R_3NVtDE0xVvp2Wqr",NA,NA,NA,NA,"Anonymized","Anonymized","anonymous","EN",1,2,2,NA,NA,NA,NA,NA,NA,NA,NA,NA,80,55,100,2,3,NA,NA,NA,NA,NA,NA,NA,NA,NA,NA,2,"",1,"",50,4,NA,"I find this idea interesting. I think the same might apply to individuals. Thank you for the opportunity to assist you.","cmc_6","YoungScouting,Liberal"
"1/14/22 21:05","1/14/22 21:07",0,"Anonymized",100,69,1,"1/14/22 21:07","R_2OGQnRa7SZ93GDE",NA,NA,NA,NA,"Anonymized","Anonymized","anonymous","EN",1,2,2,NA,NA,NA,NA,NA,NA,NA,NA,NA,17,91,23,2,3,NA,NA,NA,NA,NA,NA,NA,NA,NA,NA,2,"",1,"",32,5,NA,"","cmc_6","YoungScouting,Liberal"
"1/14/22 21:06","1/14/22 21:08",0,"Anonymized",100,106,1,"1/14/22 21:08","R_3EWN2IE6lSI8Db6",NA,NA,NA,NA,"Anonymized","Anonymized","anonymous","EN",1,2,2,NA,NA,NA,NA,NA,NA,NA,NA,NA,NA,NA,NA,NA,NA,70,12,10,2,1,NA,NA,NA,NA,NA,1,"",1,"",29,5,NA,"","cmc_6","SciTech,Conservative"
"1/14/22 21:08","1/14/22 21:11",0,"Anonymized",100,124,1,"1/14/22 21:11","R_viT0LGRcVRvVupz",NA,NA,NA,NA,"Anonymized","Anonymized","anonymous","EN",1,2,2,NA,NA,NA,NA,60,0,35,2,1,NA,NA,NA,NA,NA,NA,NA,NA,NA,NA,NA,NA,NA,NA,NA,2,"",1,"",35,7,NA,"","cmc_6","YoungScouting,Conservative"
"1/14/22 21:11","1/14/22 21:13",0,"Anonymized",100,121,1,"1/14/22 21:13","R_vC6kCkjU011A4iR",NA,NA,NA,NA,"Anonymized","Anonymized","anonymous","EN",1,2,2,NA,NA,NA,NA,NA,NA,NA,NA,NA,NA,NA,NA,NA,NA,40,55,30,2,1,NA,NA,NA,NA,NA,2,"",1,"",27,5,NA,"","cmc_6","SciTech,Conservative"
"1/14/22 21:15","1/14/22 21:17",0,"Anonymized",100,125,1,"1/14/22 21:17","R_XtBCZ4RaAFJ8xz3",NA,NA,NA,NA,"Anonymized","Anonymized","anonymous","EN",1,2,2,NA,NA,NA,NA,40,0,90,2,1,NA,NA,NA,NA,NA,NA,NA,NA,NA,NA,NA,NA,NA,NA,NA,2,"",1,"",62,2,NA,"","cmc_6","YoungScouting,Conservative"
"1/14/22 21:15","1/14/22 21:18",0,"Anonymized",100,140,1,"1/14/22 21:18","R_3Rw4RDAdOJ5aGoF",NA,NA,NA,NA,"Anonymized","Anonymized","anonymous","EN",1,2,2,NA,NA,NA,NA,NA,NA,NA,NA,NA,90,0,40,2,3,NA,NA,NA,NA,NA,NA,NA,NA,NA,NA,1,"",3,"",30,4,NA,"","cmc_6","YoungScouting,Liberal"
"1/14/22 21:23","1/14/22 21:26",0,"Anonymized",100,193,1,"1/14/22 21:26","R_3eryn4GfYlcCIi9",NA,NA,NA,NA,"Anonymized","Anonymized","anonymous","EN",1,2,2,NA,NA,NA,NA,NA,NA,NA,NA,NA,NA,NA,NA,NA,NA,NA,NA,NA,NA,NA,50,31,50,2,2,1,"",1,"",27,2,NA,"","cmc_6","SciTech,Liberal"
"1/14/22 21:26","1/14/22 21:27",0,"Anonymized",100,59,1,"1/14/22 21:27","R_1dAkL3u1nCVCq4Z",NA,NA,NA,NA,"Anonymized","Anonymized","anonymous","EN",1,2,2,NA,NA,NA,NA,NA,NA,NA,NA,NA,NA,NA,NA,NA,NA,NA,NA,NA,NA,NA,40,90,10,2,3,1,"",3,"",33,6,NA,"","cmc_6","SciTech,Liberal"
"1/14/22 21:25","1/14/22 21:29",0,"Anonymized",100,196,1,"1/14/22 21:29","R_37s7Us6pV5P8IMh",NA,NA,NA,NA,"Anonymized","Anonymized","anonymous","EN",1,2,2,NA,NA,NA,NA,NA,NA,NA,NA,NA,35,80,3,2,3,NA,NA,NA,NA,NA,NA,NA,NA,NA,NA,2,"",1,"",33,5,NA,"","cmc_6","YoungScouting,Liberal"
"1/14/22 21:24","1/14/22 21:29",0,"Anonymized",100,274,1,"1/14/22 21:29","R_2BtH4I93uxXjEot",NA,NA,NA,NA,"Anonymized","Anonymized","anonymous","EN",1,2,2,NA,NA,NA,NA,NA,NA,NA,NA,NA,NA,NA,NA,NA,NA,0,10,45,2,1,NA,NA,NA,NA,NA,2,"",1,"",53,3,NA,"I think it would be great if companies would adopt more prosocial values. Thank you, and have a great weekend!","cmc_6","SciTech,Conservative"
"1/14/22 21:30","1/14/22 21:31",0,"Anonymized",100,82,1,"1/14/22 21:31","R_57oro6MImLkbkYh",NA,NA,NA,NA,"Anonymized","Anonymized","anonymous","EN",1,2,2,NA,NA,NA,NA,24,51,84,2,1,NA,NA,NA,NA,NA,NA,NA,NA,NA,NA,NA,NA,NA,NA,NA,1,"",1,"",51,3,NA,"","cmc_6","YoungScouting,Conservative"
"1/14/22 21:33","1/14/22 21:35",0,"Anonymized",100,119,1,"1/14/22 21:35","R_0xON8QLbLCbQcYF",NA,NA,NA,NA,"Anonymized","Anonymized","anonymous","EN",1,2,2,NA,NA,NA,NA,NA,NA,NA,NA,NA,NA,NA,NA,NA,NA,NA,NA,NA,NA,NA,71,50,50,2,3,2,"",2,"",25,8,NA,"","cmc_6","SciTech,Liberal"
"1/14/22 21:41","1/14/22 21:42",0,"Anonymized",100,81,1,"1/14/22 21:42","R_yrKqILQKRLOj9CN",NA,NA,NA,NA,"Anonymized","Anonymized","anonymous","EN",1,2,2,NA,NA,NA,NA,NA,NA,NA,NA,NA,80,2,94,2,3,NA,NA,NA,NA,NA,NA,NA,NA,NA,NA,2,"",1,"",45,5,NA,"","cmc_6","YoungScouting,Liberal"
"1/14/22 21:40","1/14/22 21:44",0,"Anonymized",100,209,1,"1/14/22 21:44","R_RCgPKfDBlBtpnot",NA,NA,NA,NA,"Anonymized","Anonymized","anonymous","EN",1,2,2,NA,NA,NA,NA,79,64,32,2,1,NA,NA,NA,NA,NA,NA,NA,NA,NA,NA,NA,NA,NA,NA,NA,2,"",1,"",46,6,NA,"","cmc_6","YoungScouting,Conservative"
"1/14/22 21:45","1/14/22 21:48",0,"Anonymized",100,131,1,"1/14/22 21:48","R_2dMfwYmk5WZk6Yp",NA,NA,NA,NA,"Anonymized","Anonymized","anonymous","EN",1,2,2,NA,NA,NA,NA,NA,NA,NA,NA,NA,81,50,80,2,3,NA,NA,NA,NA,NA,NA,NA,NA,NA,NA,1,"",3,"",58,5,NA,"","cmc_6","YoungScouting,Liberal"
"1/14/22 22:03","1/14/22 22:06",0,"Anonymized",100,182,1,"1/14/22 22:06","R_3dNgZ8VqzlBvmeV",NA,NA,NA,NA,"Anonymized","Anonymized","anonymous","EN",1,2,2,NA,NA,NA,NA,NA,NA,NA,NA,NA,NA,NA,NA,NA,NA,NA,NA,NA,NA,NA,75,60,45,2,3,1,"",1,"",37,5,NA,"","cmc_6","SciTech,Liberal"
"1/14/22 22:16","1/14/22 22:18",0,"Anonymized",100,122,1,"1/14/22 22:18","R_3M9zX8Eg6iESqqc",NA,NA,NA,NA,"Anonymized","Anonymized","anonymous","EN",1,2,2,NA,NA,NA,NA,NA,NA,NA,NA,NA,NA,NA,NA,NA,NA,24,50,51,2,1,NA,NA,NA,NA,NA,1,"",1,"",44,4,NA,"","cmc_6","SciTech,Conservative"
"1/14/22 22:20","1/14/22 22:23",0,"Anonymized",100,147,1,"1/14/22 22:23","R_3dPV7ODZvT4u3sa",NA,NA,NA,NA,"Anonymized","Anonymized","anonymous","EN",1,2,2,NA,NA,NA,NA,70,40,0,2,1,NA,NA,NA,NA,NA,NA,NA,NA,NA,NA,NA,NA,NA,NA,NA,2,"",2,"",38,6,NA,"","cmc_6","YoungScouting,Conservative"
"1/14/22 22:30","1/14/22 22:34",0,"Anonymized",100,214,1,"1/14/22 22:34","R_3qOQzcUzxhmmZpP",NA,NA,NA,NA,"Anonymized","Anonymized","anonymous","EN",1,2,2,NA,NA,NA,NA,NA,NA,NA,NA,NA,NA,NA,NA,NA,NA,19,60,15,3,1,NA,NA,NA,NA,NA,2,"",1,"",59,4,NA,"","cmc_6","SciTech,Conservative"
"1/14/22 22:27","1/14/22 22:34",0,"Anonymized",100,392,1,"1/14/22 22:34","R_2vZGcVAJmMdkOVi",NA,NA,NA,NA,"Anonymized","Anonymized","anonymous","EN",1,2,2,NA,NA,NA,NA,82,10,16,2,1,NA,NA,NA,NA,NA,NA,NA,NA,NA,NA,NA,NA,NA,NA,NA,2,"",1,"",49,6,NA,"","cmc_6","YoungScouting,Conservative"
"1/14/22 22:34","1/14/22 22:37",0,"Anonymized",100,148,1,"1/14/22 22:37","R_XAJB1VqAh5mNRpn",NA,NA,NA,NA,"Anonymized","Anonymized","anonymous","EN",1,2,2,NA,NA,NA,NA,NA,NA,NA,NA,NA,46,50,61,2,3,NA,NA,NA,NA,NA,NA,NA,NA,NA,NA,2,"",1,"",37,5,NA,"","cmc_6","YoungScouting,Liberal"
"1/14/22 22:49","1/14/22 22:51",0,"Anonymized",100,118,1,"1/14/22 22:51","R_1Fac1ylhAoJATeS",NA,NA,NA,NA,"Anonymized","Anonymized","anonymous","EN",1,2,2,NA,NA,NA,NA,NA,NA,NA,NA,NA,NA,NA,NA,NA,NA,NA,NA,NA,NA,NA,81,100,20,2,3,2,"",1,"",51,6,NA,"","cmc_6","SciTech,Liberal"
"1/14/22 22:53","1/14/22 22:58",0,"Anonymized",100,292,1,"1/14/22 22:58","R_2uDuSF0Ffvyxl8R",NA,NA,NA,NA,"Anonymized","Anonymized","anonymous","EN",1,2,2,NA,NA,NA,NA,NA,NA,NA,NA,NA,NA,NA,NA,NA,NA,NA,NA,NA,NA,NA,80,60,90,2,3,2,"",1,"",64,5,NA,"I appreciate the opportunity to participate and hope my responses are helpful to your study.","cmc_6","SciTech,Liberal"
"1/14/22 23:05","1/14/22 23:08",0,"Anonymized",100,162,1,"1/14/22 23:08","R_z5LaCsv9ozMpHe9",NA,NA,NA,NA,"Anonymized","Anonymized","anonymous","EN",1,2,2,NA,NA,NA,NA,NA,NA,NA,NA,NA,50,51,20,1,3,NA,NA,NA,NA,NA,NA,NA,NA,NA,NA,2,"",5,"Celtic(WHITE is a COLOR, NOT an ethnicity)",53,3,NA,"I have no comments at this time","cmc_6","YoungScouting,Liberal"
"1/14/22 23:07","1/14/22 23:10",0,"Anonymized",100,163,1,"1/14/22 23:10","R_1P7BZGzgMsjZQY2",NA,NA,NA,NA,"Anonymized","Anonymized","anonymous","EN",1,2,2,NA,NA,NA,NA,0,92,9,2,1,NA,NA,NA,NA,NA,NA,NA,NA,NA,NA,NA,NA,NA,NA,NA,1,"",2,"",27,5,NA,"","cmc_6","YoungScouting,Conservative"
"1/14/22 23:04","1/14/22 23:11",0,"Anonymized",100,406,1,"1/14/22 23:11","R_2TXh3t8h4wZd62q",NA,NA,NA,NA,"Anonymized","Anonymized","anonymous","EN",1,2,2,NA,NA,NA,NA,NA,NA,NA,NA,NA,NA,NA,NA,NA,NA,63,50,83,1,2,NA,NA,NA,NA,NA,2,"",1,"",42,6,NA,"","cmc_6","SciTech,Conservative"
"1/14/22 23:13","1/14/22 23:15",0,"Anonymized",100,113,1,"1/14/22 23:15","R_3JK1uuBka5leD4W",NA,NA,NA,NA,"Anonymized","Anonymized","anonymous","EN",1,2,2,NA,NA,NA,NA,NA,NA,NA,NA,NA,1,51,11,2,3,NA,NA,NA,NA,NA,NA,NA,NA,NA,NA,2,"",1,"",36,5,NA,"","cmc_6","YoungScouting,Liberal"
"1/14/22 23:28","1/14/22 23:30",0,"Anonymized",100,116,1,"1/14/22 23:30","R_1QJZefn49cZ02am",NA,NA,NA,NA,"Anonymized","Anonymized","anonymous","EN",1,2,2,NA,NA,NA,NA,81,20,70,2,1,NA,NA,NA,NA,NA,NA,NA,NA,NA,NA,NA,NA,NA,NA,NA,1,"",1,"",46,4,NA,"","cmc_6","YoungScouting,Conservative"
"1/14/22 23:29","1/14/22 23:32",0,"Anonymized",100,121,1,"1/14/22 23:32","R_2QEVjZWaj78JiSF",NA,NA,NA,NA,"Anonymized","Anonymized","anonymous","EN",1,2,2,NA,NA,NA,NA,NA,NA,NA,NA,NA,NA,NA,NA,NA,NA,NA,NA,NA,NA,NA,66,100,7,2,3,2,"",1,"",47,4,NA,"","cmc_6","SciTech,Liberal"
"1/14/22 23:56","1/14/22 23:59",0,"Anonymized",100,124,1,"1/14/22 23:59","R_3Kwu3XhmmWlAEtl",NA,NA,NA,NA,"Anonymized","Anonymized","anonymous","EN",1,2,2,NA,NA,NA,NA,NA,NA,NA,NA,NA,NA,NA,NA,NA,NA,75,0,40,2,1,NA,NA,NA,NA,NA,2,"",1,"",49,5,NA,"","cmc_6","SciTech,Conservative"
"1/15/22 0:16","1/15/22 0:18",0,"Anonymized",100,93,1,"1/15/22 0:18","R_2qaWSjNWAXAlBfE",NA,NA,NA,NA,"Anonymized","Anonymized","anonymous","EN",1,2,2,NA,NA,NA,NA,NA,NA,NA,NA,NA,NA,NA,NA,NA,NA,NA,NA,NA,NA,NA,82,11,61,1,3,1,"",1,"",55,4,NA,"","cmc_6","SciTech,Liberal"
"1/15/22 0:14","1/15/22 0:18",0,"Anonymized",100,262,1,"1/15/22 0:18","R_1CpVUk1UEzboS90",NA,NA,NA,NA,"Anonymized","Anonymized","anonymous","EN",1,2,2,NA,NA,NA,NA,60,50,53,2,1,NA,NA,NA,NA,NA,NA,NA,NA,NA,NA,NA,NA,NA,NA,NA,1,"",1,"",44,5,NA,"","cmc_6","YoungScouting,Conservative"
"1/15/22 0:41","1/15/22 0:57",0,"Anonymized",100,955,1,"1/15/22 0:57","R_2zdb4HkbOGPvQHX",NA,NA,NA,NA,"Anonymized","Anonymized","anonymous","EN",1,2,2,NA,NA,NA,NA,NA,NA,NA,NA,NA,NA,NA,NA,NA,NA,61,51,10,2,1,NA,NA,NA,NA,NA,2,"",2,"",46,6,NA,"","cmc_6","SciTech,Conservative"
"1/15/22 1:15","1/15/22 1:17",0,"Anonymized",100,99,1,"1/15/22 1:17","R_3JJCvxdJauY7Eec",NA,NA,NA,NA,"Anonymized","Anonymized","anonymous","EN",1,2,2,NA,NA,NA,NA,NA,NA,NA,NA,NA,56,24,6,2,3,NA,NA,NA,NA,NA,NA,NA,NA,NA,NA,2,"",1,"",39,5,NA,"Thank you!","cmc_6","YoungScouting,Liberal"
"1/15/22 1:44","1/15/22 1:47",0,"Anonymized",100,187,1,"1/15/22 1:47","R_riL59X7HY57Za3D",NA,NA,NA,NA,"Anonymized","Anonymized","anonymous","EN",1,2,2,NA,NA,NA,NA,30,50,29,1,3,NA,NA,NA,NA,NA,NA,NA,NA,NA,NA,NA,NA,NA,NA,NA,1,"",1,"",53,4,NA,"","cmc_6","YoungScouting,Conservative"
"1/15/22 2:25","1/15/22 2:27",0,"Anonymized",100,132,1,"1/15/22 2:27","R_ZIFO6i1E68kkAfv",NA,NA,NA,NA,"Anonymized","Anonymized","anonymous","EN",1,2,2,NA,NA,NA,NA,NA,NA,NA,NA,NA,NA,NA,NA,NA,NA,NA,NA,NA,NA,NA,20,90,40,2,3,1,"",1,"",26,5,NA,"","cmc_6","SciTech,Liberal"
