"StartDate","EndDate","Status","IPAddress","Progress","Duration..in.seconds.","Finished","RecordedDate","ResponseId","RecipientLastName","RecipientFirstName","RecipientEmail","ExternalReference","LocationLatitude","LocationLongitude","DistributionChannel","UserLanguage","att1","att2","consent","Q110","elon_musk_first_10","warren_buffet_second_10","warren_buffet_first_10","elon_musk_second_10","comp1","gender","gender_4_TEXT","ethnicity","ethnicity_6_TEXT","age","education","education_8_TEXT","PROLIFIC_PID"
"Start Date","End Date","Response Type",1,"Progress","Duration (in seconds)","Finished","Recorded Date","Response ID","Recipient Last Name","Recipient First Name","Recipient Email","External Data Reference",1,1,"Distribution Channel","User Language","This is an attention check. John is taller than Paul. Who is shorter?","What color is grass?



The fresh, uncut grass, not leaves or hay. Please make sure to select purple, so that we know you're paying attention.","Informed Consent 



Participation is voluntary

It is your choice whether or not to participate in this research. If you choose to participate, you may change your mind and leave the study at any time. Refusal to participate or stopping your participation will involve no penalty or loss of benefits to which you are otherwise entitled.



What is the purpose of this research? 

The purpose of this research is to examine human judgments about automated vehicles. All data from this experiment are gathered for scientific purposes and will contribute to our eventual understanding of brain and visual function. These data may be published in scientific journals so that other researchers may have access to these data.



How long will I take part in this research? 

Your participation will take approximately 3 minutes to complete.



What can I expect if I take part in this research? 

As a participant, you will be asked to look at images presented on a video display and give responses with key presses or movements of a mouse pointing device. Your response may involve responding as quickly as you can, memorizing what you saw, making a judgment, or completing a questionnaire. You will also be asked to complete a demographics form.



What are the risks and possible discomforts? 

If you choose to participate, the effects should be comparable to those you would experience from viewing a computer monitor for 15 minutes and using a mouse or keyboard, e.g., eye fatigue. You are free to take breaks throughout the session. 



Will I be compensated for participating in this research? 

You will be compensated $0.50 for this study. You will still receive payment if you withdraw early.



If I take part in this research, how will my privacy be protected? What happens to the information you collect? 

Your participation in this experiment will remain confidential, and your identity will not be stored with your data.



If I have any questions, concerns or complaints about this research study, who can I talk to? 

The researcher for this study is [Anonymized] who can be reached at 626.559.6401; [Anonymized]. If you have questions, concerns, or complaints,

	If you would like to talk to the research team,
	If you think the research has harmed you, or
	If you wish to withdraw from the study.

This research has been reviewed by the Committee on the Use of Human Subjects in Research at XYZ. They can be reached at XYZ for any of the following:


	If your questions, concerns, or complaints are not being answered by the research team,
	If you cannot reach the research team,
	If you want to talk to someone besides the research team, or
	If you have questions about your rights as a research participant.","What is your Prolific ID?

Please note that this response should auto-fill with the correct ID.","In your opinion, what is Elon Musk's political orientation?","In your opinion, what is Warren Buffet's political orientation?","In your opinion, what is Warren Buffet's political orientation?","In your opinion, what is Elon Musk's political orientation?","In this survey you were asked to...","What is your gender? - Selected Choice","What is your gender? - Other (please specify) - Text","What is your ethnicity? - Selected Choice","What is your ethnicity? - Other (please specify) - Text","What is your age (in years)?","Please indicate the highest level of education completed. - Selected Choice","Please indicate the highest level of education completed. - Other (please specify) - Text","PROLIFIC_PID"
"{""ImportId"":""startDate"",""timeZone"":""America/Denver""}","{""ImportId"":""endDate"",""timeZone"":""America/Denver""}","{""ImportId"":""status""}",2,"{""ImportId"":""progress""}","{""ImportId"":""duration""}","{""ImportId"":""finished""}","{""ImportId"":""recordedDate"",""timeZone"":""America/Denver""}","{""ImportId"":""_recordId""}","{""ImportId"":""recipientLastName""}","{""ImportId"":""recipientFirstName""}","{""ImportId"":""recipientEmail""}","{""ImportId"":""externalDataReference""}",2,2,"{""ImportId"":""distributionChannel""}","{""ImportId"":""userLanguage""}","{""ImportId"":""QID133""}","{""ImportId"":""QID134""}","{""ImportId"":""QID1""}","{""ImportId"":""QID110_TEXT""}","{""ImportId"":""QID113_10""}","{""ImportId"":""QID123_10""}","{""ImportId"":""QID132_10""}","{""ImportId"":""QID131_10""}","{""ImportId"":""QID136""}","{""ImportId"":""QID22""}","{""ImportId"":""QID22_4_TEXT""}","{""ImportId"":""QID23""}","{""ImportId"":""QID23_6_TEXT""}","{""ImportId"":""QID24_TEXT""}","{""ImportId"":""QID25""}","{""ImportId"":""QID25_8_TEXT""}","{""ImportId"":""PROLIFIC_PID""}"
"2024-01-18 08:27:41","2024-01-18 08:28:31","0",3,"100","50","1","2024-01-18 08:28:32","R_6290CBv6vFZea5z","","","","",3,3,"anonymous","EN","2","2","1","5c1a7f152a85450001a876e0","100","90","","","2","1","","1","","55","4","","5c1a7f152a85450001a876e0"
"2024-01-18 08:33:35","2024-01-18 08:34:28","0",4,"100","52","1","2024-01-18 08:34:28","R_5xQoy7NKEWcWRm4","","","","",4,4,"anonymous","EN","2","2","1","5cec2e7e8004cb00184e0689","6","93","","","2","2","","3","","27","1","","5cec2e7e8004cb00184e0689"
"2024-01-18 08:44:18","2024-01-18 08:45:08","0",5,"100","50","1","2024-01-18 08:45:09","R_7wFCyjwRtRM0Yyc","","","","",5,5,"anonymous","EN","2","2","1","62fe6312269d0e4ae894297b","","","42","89","2","1","","3","","33","1","","62fe6312269d0e4ae894297b"
"2024-01-18 08:45:23","2024-01-18 08:46:41","0",6,"100","77","1","2024-01-18 08:46:41","R_3D7ZJDf1BZaSHnr","","","","",6,6,"anonymous","EN","2","2","1","65524ce2443c9df5aba5960c","81","63","","","2","2","","3","","59","1","","65524ce2443c9df5aba5960c"
"2024-01-18 08:45:03","2024-01-18 08:46:42","0",7,"100","98","1","2024-01-18 08:46:42","R_5R7SYSNIglk9RD5","","","","",7,7,"anonymous","EN","2","2","1","6234f954ebf560c4741256ad","70","0","","","2","2","","3","","57","4","","6234f954ebf560c4741256ad"
"2024-01-18 08:45:13","2024-01-18 08:48:36","0",8,"100","202","1","2024-01-18 08:48:36","R_5arc1e1hwucIkQU","","","","",8,8,"anonymous","EN","2","2","1","6140d7cdf9bc6016591c2878","","","78","83","2","2","","3","","47","2","","6140d7cdf9bc6016591c2878"
"2024-01-18 08:48:12","2024-01-18 08:49:03","0",9,"100","50","1","2024-01-18 08:49:03","R_1hGyrOfwrzTPA7N","","","","",9,9,"anonymous","EN","2","2","1","610031c14f729658346606e6","40","71","","","2","2","","3","","24","4","","610031c14f729658346606e6"
"2024-01-18 08:48:47","2024-01-18 08:49:27","0",10,"100","40","1","2024-01-18 08:49:28","R_3hEhJDUYZA29XpO","","","","",10,10,"anonymous","EN","2","2","1","60be09fe05b5adf03149a85f","","","87","70","2","2","","3","","42","3","","60be09fe05b5adf03149a85f"
"2024-01-18 08:49:30","2024-01-18 08:49:40","0",11,"100","10","1","2024-01-18 08:49:41","R_6IvfmYJXgXGOSj9","","","","",11,11,"anonymous","EN","2","1","","","","","","","","","","","","","","","56a937ce119265000b6e1504"
"2024-01-18 08:49:23","2024-01-18 08:50:19","0",12,"100","56","1","2024-01-18 08:50:20","R_73aznK5xK6zSjyF","","","","",12,12,"anonymous","EN","2","2","1","612993e12ec11a07dc1c38c4","","","64","76","2","2","","3","","22","4","","612993e12ec11a07dc1c38c4"
"2024-01-18 08:49:43","2024-01-18 08:50:27","0",13,"100","43","1","2024-01-18 08:50:27","R_3vYvMRJI64KQXAy","","","","",13,13,"anonymous","EN","2","2","1","65661c6448e2bdf5ad2d344d","24","73","","","2","2","","3","","54","4","","65661c6448e2bdf5ad2d344d"
"2024-01-18 08:50:42","2024-01-18 08:51:37","0",14,"100","55","1","2024-01-18 08:51:37","R_6y8xEBPiphJxh5v","","","","",14,14,"anonymous","EN","2","2","1","5ec97acb4ea8a50bc70ed451","","","60","90","2","1","","4","","34","4","","5ec97acb4ea8a50bc70ed451"
"2024-01-18 08:52:19","2024-01-18 08:53:15","0",15,"100","55","1","2024-01-18 08:53:16","R_5oLnCfUChzNOHLA","","","","",15,15,"anonymous","EN","2","2","1","631f9f50e32a53a43badde1e","","","43","62","2","1","","3","","49","4","","631f9f50e32a53a43badde1e"
"2024-01-18 08:52:25","2024-01-18 08:53:24","0",16,"100","59","1","2024-01-18 08:53:25","R_1ByXElnNEAMVwZ3","","","","",16,16,"anonymous","EN","2","2","1","62e1ac27961f3e729c0cf5fd","60","60","","","2","1","","1","","30","3","","62e1ac27961f3e729c0cf5fd"
"2024-01-18 08:53:00","2024-01-18 08:53:49","0",17,"100","48","1","2024-01-18 08:53:49","R_1NVPHF8Ku2e4k93","","","","",17,17,"anonymous","EN","2","2","1","602b3ed14ae791260d6d12c5","","","59","1","2","1","","7","","34","3","","602b3ed14ae791260d6d12c5"
"2024-01-18 08:54:28","2024-01-18 08:55:19","0",18,"100","51","1","2024-01-18 08:55:20","R_1oeVSZTsbEu7Jqp","","","","",18,18,"anonymous","EN","2","2","1","5f8c4e534f073d38eb38e5d8","90","70","","","2","1","","3","","32","4","","5f8c4e534f073d38eb38e5d8"
"2024-01-18 08:56:59","2024-01-18 08:57:12","0",19,"100","12","1","2024-01-18 08:57:12","R_7XHJ5Ygr4HZiVpL","","","","",19,19,"anonymous","EN","2","1","","","","","","","","","","","","","","","6543b16f3b54508e4cf5c9c9"
"2024-01-18 08:50:14","2024-01-18 08:57:48","0",20,"100","453","1","2024-01-18 08:57:49","R_6CMru6i8jNOwJcB","","","","",20,20,"anonymous","EN","2","2","1","60d64fa72171e9f75915f197","50","48","","","2","1","","3","","57","3","","60d64fa72171e9f75915f197"
"2024-01-18 08:57:15","2024-01-18 08:58:04","0",21,"100","48","1","2024-01-18 08:58:04","R_5vkb1DWC1bw1HsS","","","","",21,21,"anonymous","EN","2","2","1","6316972ef4d8ad8f45a16d7f","","","30","60","2","1","","3","","44","4","","6316972ef4d8ad8f45a16d7f"
"2024-01-18 08:58:07","2024-01-18 08:58:53","0",22,"100","45","1","2024-01-18 08:58:53","R_61LgsZxeqBcXv63","","","","",22,22,"anonymous","EN","2","2","1","659767511f0391eb2cf9be8f","26","67","","","2","2","","2","","32","5","","659767511f0391eb2cf9be8f"
"2024-01-18 08:58:55","2024-01-18 09:00:04","0",23,"100","68","1","2024-01-18 09:00:05","R_5REJx77VMJyIDOF","","","","",23,23,"anonymous","EN","2","2","1","63d7a6a997f03198526a1941","","","0","81","2","1","","1","","38","4","","63d7a6a997f03198526a1941"
"2024-01-18 09:01:59","2024-01-18 09:02:44","0",24,"100","45","1","2024-01-18 09:02:45","R_5P72uy6pZib0NBI","","","","",24,24,"anonymous","EN","2","2","1","5c480ea77379d8000112c2c8","100","50","","","2","1","","1","","23","1","","5c480ea77379d8000112c2c8"
"2024-01-18 09:02:07","2024-01-18 09:03:46","0",25,"100","99","1","2024-01-18 09:03:46","R_3eUNqPgqMjtfwYT","","","","",25,25,"anonymous","EN","2","2","1","63e51befbac962e27932c5de","70","30","","","2","1","","3","","20","1","","63e51befbac962e27932c5de"
"2024-01-18 09:04:31","2024-01-18 09:05:15","0",26,"100","43","1","2024-01-18 09:05:15","R_5X1mSEtfPeNfzVw","","","","",26,26,"anonymous","EN","2","2","1","5c2c4c8889f0350001759cf7","","","28","66","2","2","","3","","30","4","","5c2c4c8889f0350001759cf7"
"2024-01-18 09:04:14","2024-01-18 09:05:19","0",27,"100","64","1","2024-01-18 09:05:19","R_3nVGMw7YDUwbtM5","","","","",27,27,"anonymous","EN","2","2","1","5dde0d3ce2dcbdd798721c65","40","51","","","2","2","","3","","58","4","","5dde0d3ce2dcbdd798721c65"
"2024-01-18 09:04:07","2024-01-18 09:05:21","0",28,"100","74","1","2024-01-18 09:05:21","R_7pKx75nEcK34Qan","","","","",28,28,"anonymous","EN","2","2","1","636150594cc2bf3d89365438","","","50","50","2","2","","3","","24","5","","636150594cc2bf3d89365438"
"2024-01-18 09:05:10","2024-01-18 09:05:23","0",29,"100","13","1","2024-01-18 09:05:23","R_3sERJvAebtg92nf","","","","",29,29,"anonymous","EN","2","1","","","","","","","","","","","","","","","65593fba029061f69cd8b6ab"
"2024-01-18 09:04:24","2024-01-18 09:05:26","0",30,"100","62","1","2024-01-18 09:05:26","R_1d6Lwxf465OVqbT","","","","",30,30,"anonymous","EN","2","2","1","60f6d1db8214f3e0b3e2f023","","","93","100","2","2","","3","","34","4","","60f6d1db8214f3e0b3e2f023"
"2024-01-18 09:04:38","2024-01-18 09:05:26","0",31,"100","47","1","2024-01-18 09:05:27","R_67rJVxIDr4wR6kD","","","","",31,31,"anonymous","EN","2","2","1","5c1a9424a329230001ecaabd","85","70","","","2","2","","3","","38","1","","5c1a9424a329230001ecaabd"
"2024-01-18 09:04:45","2024-01-18 09:05:34","0",32,"100","48","1","2024-01-18 09:05:34","R_3WAtESpMPdReHZN","","","","",32,32,"anonymous","EN","2","2","1","62d59a7b40c07da2c0a5b473","","","95","100","2","2","","3","","32","4","","62d59a7b40c07da2c0a5b473"
"2024-01-18 09:04:50","2024-01-18 09:05:39","0",33,"100","48","1","2024-01-18 09:05:39","R_5B8mW8MzCVUaClD","","","","",33,33,"anonymous","EN","2","2","1","5e89533c4d3d675e800bfc7c","94","51","","","2","1","","3","","37","4","","5e89533c4d3d675e800bfc7c"
"2024-01-18 09:05:07","2024-01-18 09:05:48","0",34,"100","41","1","2024-01-18 09:05:49","R_7dB2YDz3cVUnBna","","","","",34,34,"anonymous","EN","2","2","1","6306d29af0c80316a9c5aa1b","30","70","","","2","1","","4","","32","4","","6306d29af0c80316a9c5aa1b"
"2024-01-18 09:05:05","2024-01-18 09:06:07","0",35,"100","61","1","2024-01-18 09:06:07","R_14EEbSfsNWY5S8x","","","","",35,35,"anonymous","EN","2","2","1","5d2eac390aca250001e9c3e1","100","72","","","2","2","","3","","42","4","","5d2eac390aca250001e9c3e1"
"2024-01-18 09:05:06","2024-01-18 09:06:08","0",36,"100","62","1","2024-01-18 09:06:09","R_1RQ6u6eNNS284q4","","","","",36,36,"anonymous","EN","2","2","1","5fa58219971cf40672951039","","","47","46","2","2","","3","","37","4","","5fa58219971cf40672951039"
"2024-01-18 09:05:28","2024-01-18 09:06:23","0",37,"100","55","1","2024-01-18 09:06:24","R_3r7hXct2gsF3wZi","","","","",37,37,"anonymous","EN","2","2","1","6413aba87406eb7adb732e82","70","90","","","2","1","","3","","30","5","","6413aba87406eb7adb732e82"
"2024-01-18 09:05:11","2024-01-18 09:06:34","0",38,"100","82","1","2024-01-18 09:06:34","R_12RPvavUgfZU7hf","","","","",38,38,"anonymous","EN","2","2","1","56b8de29e1d0a200051517f8","","","60","50","2","2","","2","","41","4","","56b8de29e1d0a200051517f8"
"2024-01-18 09:06:23","2024-01-18 09:07:23","0",39,"100","60","1","2024-01-18 09:07:24","R_1PpAl7R2rFPalDX","","","","",39,39,"anonymous","EN","2","2","1","5f0550bf5819b18476ee8343","91","44","","","2","2","","3","","70","5","","5f0550bf5819b18476ee8343"
"2024-01-18 09:06:09","2024-01-18 09:07:26","0",40,"100","76","1","2024-01-18 09:07:26","R_6potirkLTIErS5b","","","","",40,40,"anonymous","EN","2","2","1","5fc27b5a13285c0008cc71ab","","","25","80","2","2","","3","","64","4","","5fc27b5a13285c0008cc71ab"
"2024-01-18 09:06:45","2024-01-18 09:07:28","0",41,"100","42","1","2024-01-18 09:07:29","R_3lo8IOYdRI431J6","","","","",41,41,"anonymous","EN","2","2","1","5723d6abccc7cc00086bb0d2","","","30","77","2","2","","3","","32","5","","5723d6abccc7cc00086bb0d2"
"2024-01-18 09:06:32","2024-01-18 09:07:33","0",42,"100","61","1","2024-01-18 09:07:34","R_3YwYpsD4uuGOpAG","","","","",42,42,"anonymous","EN","2","2","1","5e6457da6e2ba11d4d2cde13","69","59","","","2","1","","3","","46","3","","5e6457da6e2ba11d4d2cde13"
"2024-01-18 09:06:44","2024-01-18 09:07:37","0",43,"100","52","1","2024-01-18 09:07:37","R_66ZWYOYAC3Cdskx","","","","",43,43,"anonymous","EN","2","2","1","6430c599f0887cb443f8da9a","","","40","100","2","1","","3","","53","4","","6430c599f0887cb443f8da9a"
"2024-01-18 09:05:46","2024-01-18 09:07:50","0",44,"100","124","1","2024-01-18 09:07:51","R_3QF2cA7AarNF35C","","","","",44,44,"anonymous","EN","2","2","1","5ea47bda5b1a9807ed89eb76","","","75","100","2","1","","3","","76","3","","5ea47bda5b1a9807ed89eb76"
"2024-01-18 09:06:54","2024-01-18 09:07:51","0",45,"100","57","1","2024-01-18 09:07:52","R_6r8NzM3CXvUKepX","","","","",45,45,"anonymous","EN","2","2","1","64fde27873854fb1419f2c75","50","70","","","2","1","","3","","36","4","","64fde27873854fb1419f2c75"
"2024-01-18 09:06:55","2024-01-18 09:07:54","0",46,"100","59","1","2024-01-18 09:07:55","R_7Ec1SOypT4ZDKrp","","","","",46,46,"anonymous","EN","2","2","1","5f4a761d2a3d075f5bf652cc","","","100","100","2","4","non-binary","3","","46","1","","5f4a761d2a3d075f5bf652cc"
"2024-01-18 09:06:27","2024-01-18 09:07:58","0",47,"100","90","1","2024-01-18 09:07:58","R_7dB32vOZa9XcikN","","","","",47,47,"anonymous","EN","2","2","1","5eaf1a2c649fd108284c2b5f","80","85","","","2","2","","3","","48","6","","5eaf1a2c649fd108284c2b5f"
"2024-01-18 09:07:09","2024-01-18 09:07:58","0",48,"100","49","1","2024-01-18 09:07:59","R_1iQ3YPO33rpxHDB","","","","",48,48,"anonymous","EN","2","2","1","5bacb6b9f2d97e0001c52a63","70","75","","","2","1","","3","","50","1","","5bacb6b9f2d97e0001c52a63"
"2024-01-18 09:07:23","2024-01-18 09:08:12","0",49,"100","48","1","2024-01-18 09:08:12","R_6esGyfr9vSLlwGd","","","","",49,49,"anonymous","EN","2","2","1","62fdd0e557fbc97b30b32ae3","75","60","","","2","1","","3","","36","4","","62fdd0e557fbc97b30b32ae3"
"2024-01-18 09:07:05","2024-01-18 09:08:18","0",50,"100","72","1","2024-01-18 09:08:18","R_6IpfQVpodw71u9Y","","","","",50,50,"anonymous","EN","2","2","1","5ca999aacf827100165119f4","","","60","85","2","1","","3","","38","4","","5ca999aacf827100165119f4"
"2024-01-18 09:07:41","2024-01-18 09:08:19","0",51,"100","37","1","2024-01-18 09:08:19","R_3rHaewOldD3Ncj6","","","","",51,51,"anonymous","EN","2","2","1","5d083644613fce001b2a1001","","","92","100","2","2","","3","","31","4","","5d083644613fce001b2a1001"
"2024-01-18 09:07:42","2024-01-18 09:08:32","0",52,"100","50","1","2024-01-18 09:08:33","R_5sBasMcUVFnFaQ6","","","","",52,52,"anonymous","EN","2","2","1","63fb616a798d079c9ee0a7ff","93","22","","","2","1","","3","","49","5","","63fb616a798d079c9ee0a7ff"
"2024-01-18 09:08:00","2024-01-18 09:08:44","0",53,"100","44","1","2024-01-18 09:08:45","R_6gAgfOjxyNEU3sd","","","","",53,53,"anonymous","EN","2","2","1","65674fc6b492a11ed7f10a12","86","66","","","2","2","","2","","36","7","","65674fc6b492a11ed7f10a12"
"2024-01-18 09:08:04","2024-01-18 09:08:58","0",54,"100","54","1","2024-01-18 09:08:58","R_5qx8qwIzBzBgn2D","","","","",54,54,"anonymous","EN","2","2","1","5b56686fc09af90001f187a5","","","27","93","2","2","","3","","27","1","","5b56686fc09af90001f187a5"
"2024-01-18 09:08:00","2024-01-18 09:09:01","0",55,"100","61","1","2024-01-18 09:09:02","R_1hoWhAsKgGiGX8l","","","","",55,55,"anonymous","EN","2","2","1","6010b744db280e455a5250bd","69","85","","","2","2","","3","","57","5","","6010b744db280e455a5250bd"
"2024-01-18 09:07:25","2024-01-18 09:09:08","0",56,"100","102","1","2024-01-18 09:09:08","R_7gekaxYszWBp5ia","","","","",56,56,"anonymous","EN","2","2","1","5dd2fe93b966de3107002f4b","","","35","100","2","2","","3","","23","4","","5dd2fe93b966de3107002f4b"
"2024-01-18 09:08:29","2024-01-18 09:09:13","0",57,"100","44","1","2024-01-18 09:09:13","R_5pStZdXt8uUbpuz","","","","",57,57,"anonymous","EN","2","2","1","5c5cd939a1ff0d0001176b6e","70","42","","","2","1","","3","","37","4","","5c5cd939a1ff0d0001176b6e"
"2024-01-18 09:08:25","2024-01-18 09:09:24","0",58,"100","58","1","2024-01-18 09:09:24","R_3BrPffCN1A5DaAg","","","","",58,58,"anonymous","EN","2","2","1","60fd819cc525619e3e0ce203","","","71","40","2","2","","3","","27","5","","60fd819cc525619e3e0ce203"
"2024-01-18 09:08:36","2024-01-18 09:09:24","0",59,"100","48","1","2024-01-18 09:09:25","R_6lsEBZoGcWIiQ3N","","","","",59,59,"anonymous","EN","2","2","1","59fd4a71f5b5a3000139379c","","","84","34","2","1","","1","","33","4","","59fd4a71f5b5a3000139379c"
"2024-01-18 09:08:51","2024-01-18 09:09:49","0",60,"100","57","1","2024-01-18 09:09:50","R_7KCjOSyppNJpUFJ","","","","",60,60,"anonymous","EN","2","2","1","6134e3d48d0eaa5c8fe8c25e","","","60","90","2","2","","3","","36","4","","6134e3d48d0eaa5c8fe8c25e"
"2024-01-18 09:08:23","2024-01-18 09:09:53","0",61,"100","90","1","2024-01-18 09:09:53","R_37UoOXFHPifHtcX","","","","",61,61,"anonymous","EN","2","2","1","60f6cd4f42b3b160be558774","100","80","","","2","2","","5","","29","2","","60f6cd4f42b3b160be558774"
"2024-01-18 09:08:22","2024-01-18 09:09:59","0",62,"100","97","1","2024-01-18 09:10:00","R_3TTMBh4WJKktNHN","","","","",62,62,"anonymous","EN","2","2","1","5d0bb1874d659a0001391226","70","19","","","2","2","","3","","49","3","","5d0bb1874d659a0001391226"
"2024-01-18 09:08:46","2024-01-18 09:10:14","0",63,"100","87","1","2024-01-18 09:10:14","R_7jUrYK0CbgcChdH","","","","",63,63,"anonymous","EN","2","2","1","614e8713ba7000ac40031538","60","75","","","2","2","","3","","49","4","","614e8713ba7000ac40031538"
"2024-01-18 09:09:19","2024-01-18 09:10:30","0",64,"100","71","1","2024-01-18 09:10:31","R_7doHyPIPLVf1knA","","","","",64,64,"anonymous","EN","2","2","1","5aba561de1099600016a1041","","","40","60","2","1","","3","","30","1","","5aba561de1099600016a1041"
"2024-01-18 09:07:55","2024-01-18 09:10:54","0",65,"100","179","1","2024-01-18 09:10:55","R_3icQofNpc8DNU0V","","","","",65,65,"anonymous","EN","2","2","1","61044e57d36682329f7b8df8","","","30","10","2","2","","3","","44","4","","61044e57d36682329f7b8df8"
"2024-01-18 09:10:17","2024-01-18 09:11:04","0",66,"100","47","1","2024-01-18 09:11:05","R_6LB7pP4z1dJuPfb","","","","",66,66,"anonymous","EN","2","2","1","5f171b6978c6ae032e458f06","","","68","19","2","2","","3","","39","4","","5f171b6978c6ae032e458f06"
"2024-01-18 09:09:14","2024-01-18 09:11:15","0",67,"100","120","1","2024-01-18 09:11:15","R_1PpMO6aIu0UUbtf","","","","",67,67,"anonymous","EN","2","2","1","63b6cf1609c12f37f2cf0371","75","61","","","2","2","","5","","28","5","","63b6cf1609c12f37f2cf0371"
"2024-01-18 09:10:42","2024-01-18 09:11:28","0",68,"100","45","1","2024-01-18 09:11:28","R_61Y6UQdWscKrn3K","","","","",68,68,"anonymous","EN","2","2","1","636150837df0c4177e194d8c","100","100","","","2","1","","3","","35","4","","636150837df0c4177e194d8c"
"2024-01-18 09:10:57","2024-01-18 09:11:38","0",69,"100","40","1","2024-01-18 09:11:39","R_1Wn7LUbhH4FrBqF","","","","",69,69,"anonymous","EN","2","2","1","5c535974b7cf140001d308d3","73","45","","","2","2","","3","","30","3","","5c535974b7cf140001d308d3"
"2024-01-18 09:10:33","2024-01-18 09:11:41","0",70,"100","67","1","2024-01-18 09:11:41","R_7rVAEgALQcXHN8i","","","","",70,70,"anonymous","EN","2","2","1","5e6cd7d5e1924c2888545bbb","","","80","90","2","1","","3","","40","2","","5e6cd7d5e1924c2888545bbb"
"2024-01-18 09:09:31","2024-01-18 09:11:47","0",71,"100","135","1","2024-01-18 09:11:47","R_5ExLyJSpPxRA5tM","","","","",71,71,"anonymous","EN","2","2","1","614fe09fec9ce4a2a415476d","51","55","","","2","2","","3","","41","5","","614fe09fec9ce4a2a415476d"
"2024-01-18 09:10:56","2024-01-18 09:11:50","0",72,"100","54","1","2024-01-18 09:11:51","R_1dSKBxbOI5T6yYI","","","","",72,72,"anonymous","EN","2","2","1","5f4f990e0e7da9068d0a9802","","","23","72","2","2","","3","","42","4","","5f4f990e0e7da9068d0a9802"
"2024-01-18 09:10:10","2024-01-18 09:12:06","0",73,"100","115","1","2024-01-18 09:12:06","R_5ZHwUwalxNlmYan","","","","",73,73,"anonymous","EN","2","2","1","644013b160c84c519d35d1f4","","","70","85","2","1","","3","","39","4","","644013b160c84c519d35d1f4"
"2024-01-18 09:11:15","2024-01-18 09:12:06","0",74,"100","51","1","2024-01-18 09:12:06","R_6HUhbZEAHedq2uc","","","","",74,74,"anonymous","EN","2","2","1","5e4463978ea5130700f56037","64","73","","","2","1","","3","","56","4","","5e4463978ea5130700f56037"
"2024-01-18 09:11:10","2024-01-18 09:12:20","0",75,"100","69","1","2024-01-18 09:12:20","R_3sU7ecAaev1Bwit","","","","",75,75,"anonymous","EN","2","2","1","57a9e6f82fc0d400012c9db2","","","51","92","2","2","","3","","39","4","","57a9e6f82fc0d400012c9db2"
"2024-01-18 09:11:39","2024-01-18 09:12:25","0",76,"100","45","1","2024-01-18 09:12:25","R_6E6gkdSqvp4Q8xI","","","","",76,76,"anonymous","EN","2","2","1","5af493961b55800001f494c6","99","74","","","2","1","","2","","40","5","","5af493961b55800001f494c6"
"2024-01-18 09:11:37","2024-01-18 09:12:27","0",77,"100","50","1","2024-01-18 09:12:27","R_6DpBI9dN1XeuM7i","","","","",77,77,"anonymous","EN","2","2","1","6361b53c44c9c4ebeb619db1","85","66","","","2","1","","5","","22","3","","6361b53c44c9c4ebeb619db1"
"2024-01-18 09:11:37","2024-01-18 09:12:29","0",78,"100","52","1","2024-01-18 09:12:29","R_3okzdEeH9QXdKy5","","","","",78,78,"anonymous","EN","2","2","1","5e7227c4e9253c1509f76f96","","","44","58","2","1","","3","","57","4","","5e7227c4e9253c1509f76f96"
"2024-01-18 09:11:46","2024-01-18 09:12:35","0",79,"100","48","1","2024-01-18 09:12:35","R_5Pi2PVj2pqtW1WU","","","","",79,79,"anonymous","EN","2","2","1","611826a2829806f27afd5864","68","63","","","2","2","","3","","31","4","","611826a2829806f27afd5864"
"2024-01-18 09:10:58","2024-01-18 09:12:42","0",80,"100","103","1","2024-01-18 09:12:42","R_6gO4bu7zUUlMzU5","","","","",80,80,"anonymous","EN","2","2","1","5d63275f9b22da000117b107","","","40","51","2","1","","3","","70","3","","5d63275f9b22da000117b107"
"2024-01-18 09:11:28","2024-01-18 09:12:45","0",81,"100","76","1","2024-01-18 09:12:45","R_68YuYybRqI4q4qR","","","","",81,81,"anonymous","EN","2","2","1","62fea0509e7df658ed2554d2","","","90","30","2","1","","3","","33","3","","62fea0509e7df658ed2554d2"
"2024-01-18 09:12:41","2024-01-18 09:12:55","0",82,"100","13","1","2024-01-18 09:12:55","R_7rT9Sfndw5PAtK2","","","","",82,82,"anonymous","EN","2","1","","","","","","","","","","","","","","","5e328d9f7c47e424bdb304a9"
"2024-01-18 09:11:40","2024-01-18 09:13:03","0",83,"100","82","1","2024-01-18 09:13:03","R_595kjUk7ThM5Mbw","","","","",83,83,"anonymous","EN","2","2","1","6162fa4fec3fe9d88d067ada","25","15","","","2","2","","1","","42","3","","6162fa4fec3fe9d88d067ada"
"2024-01-18 09:12:31","2024-01-18 09:13:13","0",84,"100","41","1","2024-01-18 09:13:14","R_18BWcskoUxkKKG6","","","","",84,84,"anonymous","EN","2","2","1","631916c5e920aea5076777b0","","","45","65","2","1","","3","","38","4","","631916c5e920aea5076777b0"
"2024-01-18 09:11:15","2024-01-18 09:13:21","0",85,"100","125","1","2024-01-18 09:13:21","R_6rSzNz8abG2R07X","","","","",85,85,"anonymous","EN","2","2","1","57ac740478a38d00017cce22","30","25","","","2","2","","3","","63","1","","57ac740478a38d00017cce22"
"2024-01-18 09:12:16","2024-01-18 09:13:24","0",86,"100","68","1","2024-01-18 09:13:25","R_3BaodqL2Dl0bnE8","","","","",86,86,"anonymous","EN","2","2","1","5c64c8c458987100010e9db7","50","50","","","2","2","","3","","63","5","","5c64c8c458987100010e9db7"
"2024-01-18 09:12:25","2024-01-18 09:13:32","0",87,"100","66","1","2024-01-18 09:13:32","R_62zMGxbFzhauvuQ","","","","",87,87,"anonymous","EN","2","2","1","5ff5f6c52171e10f72d3610c","61","71","","","2","2","","3","","33","5","","5ff5f6c52171e10f72d3610c"
"2024-01-18 09:13:21","2024-01-18 09:13:42","0",88,"100","20","1","2024-01-18 09:13:42","R_1d9QEE5LMrtfYA7","","","","",88,88,"anonymous","EN","2","1","","","","","","","","","","","","","","","65450acb15b86368927f3f7f"
"2024-01-18 09:12:23","2024-01-18 09:13:54","0",89,"100","90","1","2024-01-18 09:13:55","R_6fNMLgmqUeF7JNd","","","","",89,89,"anonymous","EN","2","2","1","61592ea07347e286bca1955f","","","80","80","2","2","","2","","22","4","","61592ea07347e286bca1955f"
"2024-01-18 09:12:44","2024-01-18 09:13:54","0",90,"100","70","1","2024-01-18 09:13:55","R_1WCsJkNxlkiV6V4","","","","",90,90,"anonymous","EN","2","2","1","656cb9bc6c3fc7ef9553d00d","","","30","100","2","2","","1","","32","5","","656cb9bc6c3fc7ef9553d00d"
"2024-01-18 09:13:09","2024-01-18 09:13:56","0",91,"100","47","1","2024-01-18 09:13:57","R_3XR3h812iaWwBxf","","","","",91,91,"anonymous","EN","2","2","1","5c5aebc28348b50001fcb0c6","","","75","91","2","1","","3","","31","4","","5c5aebc28348b50001fcb0c6"
"2024-01-18 09:12:47","2024-01-18 09:14:01","0",92,"100","73","1","2024-01-18 09:14:01","R_6ltPnANnHdjV4Oc","","","","",92,92,"anonymous","EN","2","2","1","636149c88d2d393decf957f7","","","51","60","2","1","","3","","37","1","","636149c88d2d393decf957f7"
"2024-01-18 09:07:06","2024-01-18 09:14:01","0",93,"100","414","1","2024-01-18 09:14:01","R_6CMYK3pFzXIWX28","","","","",93,93,"anonymous","EN","2","2","1","5c2d27de867f660001af9b73","","","68","25","2","2","","3","","54","3","","5c2d27de867f660001af9b73"
"2024-01-18 09:12:49","2024-01-18 09:14:02","0",94,"100","73","1","2024-01-18 09:14:03","R_6qkchrINQPDBpbR","","","","",94,94,"anonymous","EN","2","2","1","6501bdc07ec7d13f08561aaf","50","74","","","2","2","","3","","32","3","","6501bdc07ec7d13f08561aaf"
"2024-01-18 09:12:14","2024-01-18 09:14:03","0",95,"100","108","1","2024-01-18 09:14:04","R_6WNMV2akAQ9EYE9","","","","",95,95,"anonymous","EN","2","2","1","63d461ae668907ea6006f43f","","","100","100","2","4","","3","","29","3","","63d461ae668907ea6006f43f"
"2024-01-18 09:13:02","2024-01-18 09:14:07","0",96,"100","65","1","2024-01-18 09:14:07","R_1pPqZV8I3vDapeJ","","","","",96,96,"anonymous","EN","2","2","1","60fc87b630b2179e6c5785ed","80","20","","","2","2","","3","","25","4","","60fc87b630b2179e6c5785ed"
"2024-01-18 09:13:17","2024-01-18 09:14:07","0",97,"100","49","1","2024-01-18 09:14:08","R_7DMwKtW9g8SzuI5","","","","",97,97,"anonymous","EN","2","2","1","5c92590a1f991d00161a6fa3","","","20","48","2","1","","3","","44","4","","5c92590a1f991d00161a6fa3"
"2024-01-18 09:13:06","2024-01-18 09:14:11","0",98,"100","64","1","2024-01-18 09:14:12","R_3nmndkQrAiP083T","","","","",98,98,"anonymous","EN","2","2","1","5c5c75d6329ee20001083061","40","80","","","2","1","","3","","41","4","","5c5c75d6329ee20001083061"
"2024-01-18 09:13:34","2024-01-18 09:14:19","0",99,"100","44","1","2024-01-18 09:14:19","R_63xStaM676aa5Ru","","","","",99,99,"anonymous","EN","2","2","1","6431fa7dd113eda38603cabc","77","54","","","2","1","","2","","24","4","","6431fa7dd113eda38603cabc"
"2024-01-18 09:14:07","2024-01-18 09:14:21","0",100,"100","14","1","2024-01-18 09:14:22","R_7C1aSTWfQXlcv3X","","","","",100,100,"anonymous","EN","2","1","","","","","","","","","","","","","","","656607b0de809871a577ac96"
"2024-01-18 09:13:16","2024-01-18 09:14:29","0",101,"100","73","1","2024-01-18 09:14:30","R_3rHssHcCw2iYE1f","","","","",101,101,"anonymous","EN","2","2","1","6400da876003cad093b2118f","","","50","75","2","2","","3","","30","4","","6400da876003cad093b2118f"
"2024-01-18 09:12:58","2024-01-18 09:14:31","0",102,"100","92","1","2024-01-18 09:14:31","R_6UE8iQavxXFGQ8x","","","","",102,102,"anonymous","EN","2","2","1","557f112bfdf99b4ea6dd08db","86","43","","","2","2","","2","","30","7","","557f112bfdf99b4ea6dd08db"
"2024-01-18 09:13:29","2024-01-18 09:14:34","0",103,"100","65","1","2024-01-18 09:14:34","R_3YfVqHabXBeEqNB","","","","",103,103,"anonymous","EN","2","2","1","5f060fa4cf10ff12c4e42b9d","","","98","95","2","2","","3","","30","5","","5f060fa4cf10ff12c4e42b9d"
"2024-01-18 09:13:45","2024-01-18 09:14:35","0",104,"100","50","1","2024-01-18 09:14:36","R_1DYZuBfGUpWHTK7","","","","",104,104,"anonymous","EN","2","2","1","5c06b3f64a2b7b0001c3c185","","","60","85","2","2","","4","","39","4","","5c06b3f64a2b7b0001c3c185"
"2024-01-18 09:13:28","2024-01-18 09:14:43","0",105,"100","74","1","2024-01-18 09:14:43","R_6qBBt3cC5ozYKVO","","","","",105,105,"anonymous","EN","2","2","1","6107b55d4376fdce2ada37f8","40","50","","","2","2","","3","","25","3","","6107b55d4376fdce2ada37f8"
"2024-01-18 09:14:02","2024-01-18 09:14:47","0",106,"100","45","1","2024-01-18 09:14:48","R_3mPgyU4LLHNWTz3","","","","",106,106,"anonymous","EN","2","2","1","59e7d3f97f3d71000171def0","90","51","","","2","1","","3","","40","3","","59e7d3f97f3d71000171def0"
"2024-01-18 09:13:52","2024-01-18 09:14:50","0",107,"100","58","1","2024-01-18 09:14:51","R_7RyWqTarpDdQEO8","","","","",107,107,"anonymous","EN","2","2","1","5b2489070ec82d0001d1dbb2","","","60","90","2","2","","3","","45","5","","5b2489070ec82d0001d1dbb2"
"2024-01-18 09:13:55","2024-01-18 09:15:10","0",108,"100","74","1","2024-01-18 09:15:10","R_3JeMwNMCrWkPx2E","","","","",108,108,"anonymous","EN","2","2","1","570e6b4fc9e604000f020a6f","34","69","","","2","1","","3","","28","4","","570e6b4fc9e604000f020a6f"
"2024-01-18 09:13:10","2024-01-18 09:15:15","0",109,"100","124","1","2024-01-18 09:15:16","R_3qtdZVMzwPrx1Qt","","","","",109,109,"anonymous","EN","2","2","1","5f4c4dd50a92c286c1972f06","76","63","","","2","2","","3","","27","4","","5f4c4dd50a92c286c1972f06"
"2024-01-18 09:14:39","2024-01-18 09:15:45","0",110,"100","66","1","2024-01-18 09:15:45","R_7GAGghE3PjVpFrn","","","","",110,110,"anonymous","EN","2","2","1","6111bb9382dbee7eb452a653","30","71","","","2","2","","3","","43","3","","6111bb9382dbee7eb452a653"
"2024-01-18 09:15:13","2024-01-18 09:16:02","0",111,"100","48","1","2024-01-18 09:16:02","R_3eJfKnOZKw30nZL","","","","",111,111,"anonymous","EN","2","2","1","5f500550ad48ba16ff920279","54","32","","","2","1","","2","","42","3","","5f500550ad48ba16ff920279"
"2024-01-18 09:15:07","2024-01-18 09:16:05","0",112,"100","58","1","2024-01-18 09:16:06","R_3qTJhHmBZA7se26","","","","",112,112,"anonymous","EN","2","2","1","6336fecb0b27c43626068e01","","","95","100","2","1","","6","European-American","48","4","","6336fecb0b27c43626068e01"
"2024-01-18 09:15:08","2024-01-18 09:16:09","0",113,"100","61","1","2024-01-18 09:16:10","R_1FQUFpFLfIXt4iy","","","","",113,113,"anonymous","EN","2","2","1","6124232e0de36853de1edfa5","","","60","60","2","2","","3","","21","3","","6124232e0de36853de1edfa5"
"2024-01-18 09:14:51","2024-01-18 09:16:10","0",114,"100","78","1","2024-01-18 09:16:10","R_1EXC5EJLp6ARqQI","","","","",114,114,"anonymous","EN","2","2","1","63f78c9346da47f7f8f3aef9","85","75","","","2","4","none","3","","30","3","","63f78c9346da47f7f8f3aef9"
"2024-01-18 09:14:45","2024-01-18 09:16:11","0",115,"100","86","1","2024-01-18 09:16:12","R_3HiD1dkZg7LGw0J","","","","",115,115,"anonymous","EN","2","2","1","654e801d14df9acd084196c2","","","50","100","2","2","","3","","50","5","","654e801d14df9acd084196c2"
"2024-01-18 09:13:51","2024-01-18 09:16:11","0",116,"100","140","1","2024-01-18 09:16:12","R_3jkrw1Y5GRtjgf7","","","","",116,116,"anonymous","EN","2","2","1","64d544908cc0899c470c9516","","","35","100","2","1","","5","","53","4","","64d544908cc0899c470c9516"
"2024-01-18 09:14:49","2024-01-18 09:16:12","0",117,"100","83","1","2024-01-18 09:16:12","R_5D4Pv8ayfI2otuF","","","","",117,117,"anonymous","EN","2","2","1","5c40134b1580e900012320ab","60","20","","","2","2","","3","","43","3","","5c40134b1580e900012320ab"
"2024-01-18 09:15:27","2024-01-18 09:16:14","0",118,"100","47","1","2024-01-18 09:16:15","R_3ubDd8JlQxu1iZX","","","","",118,118,"anonymous","EN","2","2","1","5eb33612d573b51326905f30","","","69","80","2","2","","3","","39","4","","5eb33612d573b51326905f30"
"2024-01-18 09:15:09","2024-01-18 09:16:22","0",119,"100","73","1","2024-01-18 09:16:23","R_3N245WmRkSsMt51","","","","",119,119,"anonymous","EN","2","2","1","5c3ebb97b3369c0001a94fea","","","50","65","2","2","","3","","38","4","","5c3ebb97b3369c0001a94fea"
"2024-01-18 09:15:41","2024-01-18 09:16:24","0",120,"100","42","1","2024-01-18 09:16:24","R_5Rfu4IaRasMn7rj","","","","",120,120,"anonymous","EN","2","2","1","5dcf33e0961cb308755ac95b","65","59","","","2","2","","3","","37","5","","5dcf33e0961cb308755ac95b"
"2024-01-18 09:15:02","2024-01-18 09:16:30","0",121,"100","87","1","2024-01-18 09:16:30","R_310HP0Cp2JVdaaj","","","","",121,121,"anonymous","EN","2","2","1","5d463e632f66d00016120742","70","40","","","2","1","","3","","25","5","","5d463e632f66d00016120742"
"2024-01-18 09:16:26","2024-01-18 09:16:37","0",122,"100","10","1","2024-01-18 09:16:38","R_17djARWt07MzxzJ","","","","",122,122,"anonymous","EN","2","1","","","","","","","","","","","","","","","657b9e980720de6926836b20"
"2024-01-18 09:15:38","2024-01-18 09:16:38","0",123,"100","60","1","2024-01-18 09:16:39","R_1G93N8ycEBD1qrq","","","","",123,123,"anonymous","EN","2","2","1","60ce5270f1695ea416c25fc3","","","73","70","2","1","","3","","66","7","","60ce5270f1695ea416c25fc3"
"2024-01-18 09:15:42","2024-01-18 09:16:38","0",124,"100","56","1","2024-01-18 09:16:39","R_5TrqYfuWsYUMjMl","","","","",124,124,"anonymous","EN","2","2","1","5efec82cf597a73e75e3fbe0","","","50","80","2","2","","2","","22","4","","5efec82cf597a73e75e3fbe0"
"2024-01-18 09:15:51","2024-01-18 09:16:48","0",125,"100","56","1","2024-01-18 09:16:48","R_3eracZgyY2pDYQI","","","","",125,125,"anonymous","EN","2","2","1","62e073721cd1f5f6cff50910","60","70","","","2","2","","1","","26","4","","62e073721cd1f5f6cff50910"
"2024-01-18 09:12:22","2024-01-18 09:17:19","0",126,"100","296","1","2024-01-18 09:17:20","R_7h6zQtGLGzqJOPA","","","","",126,126,"anonymous","EN","2","2","1","586ad3a6da731b0001049cad","","","14","100","2","2","","3","","46","4","","586ad3a6da731b0001049cad"
"2024-01-18 09:14:53","2024-01-18 09:17:22","0",127,"100","148","1","2024-01-18 09:17:23","R_3QK9q9fwQ6MKnuh","","","","",127,127,"anonymous","EN","2","2","1","6335c2e456a9b4ca55a47642","47","90","","","2","1","","3","","61","3","","6335c2e456a9b4ca55a47642"
"2024-01-18 09:16:42","2024-01-18 09:17:29","0",128,"100","47","1","2024-01-18 09:17:30","R_3c32XUcBh7I2QcV","","","","",128,128,"anonymous","EN","2","2","1","6112b65a93c2eed74b0416f5","86","85","","","2","2","","3","","24","4","","6112b65a93c2eed74b0416f5"
"2024-01-18 09:15:08","2024-01-18 09:17:33","0",129,"100","145","1","2024-01-18 09:17:34","R_7Bzf2GZpDfD87o6","","","","",129,129,"anonymous","EN","2","2","1","64a281f78c5be10f0f28e3ac","0","79","","","2","1","","1","","38","4","","64a281f78c5be10f0f28e3ac"
"2024-01-18 09:16:58","2024-01-18 09:17:44","0",130,"100","46","1","2024-01-18 09:17:45","R_3qjujkraYbQ0K76","","","","",130,130,"anonymous","EN","2","2","1","63fad8b20e532757a496f7f5","","","40","87","2","1","","2","","54","4","","63fad8b20e532757a496f7f5"
"2024-01-18 09:17:04","2024-01-18 09:18:04","0",131,"100","59","1","2024-01-18 09:18:04","R_3pT1HbvfAX6KPrj","","","","",131,131,"anonymous","EN","2","2","1","58752fed445a5f00019b4a3f","96","64","","","2","1","","3","","25","5","","58752fed445a5f00019b4a3f"
"2024-01-18 09:16:40","2024-01-18 09:18:08","0",132,"100","88","1","2024-01-18 09:18:09","R_7n6hUlwTaLa7XdG","","","","",132,132,"anonymous","EN","2","2","1","63912cbde71779ba1a9c149b","","","51","52","2","2","","3","","71","3","","63912cbde71779ba1a9c149b"
"2024-01-18 09:16:46","2024-01-18 09:18:09","0",133,"100","82","1","2024-01-18 09:18:09","R_3G6r8TWHkTzxtlL","","","","",133,133,"anonymous","EN","2","2","1","5f4fdba442d1a7110ae00343","81","83","","","2","2","","1","","24","4","","5f4fdba442d1a7110ae00343"
"2024-01-18 09:17:23","2024-01-18 09:18:11","0",134,"100","48","1","2024-01-18 09:18:12","R_5OMWs6DGRD9GTgB","","","","",134,134,"anonymous","EN","2","2","1","5f6a6a47354cc7139c5b7947","62","73","","","2","2","","2","","32","5","","5f6a6a47354cc7139c5b7947"
"2024-01-18 09:14:26","2024-01-18 09:18:16","0",135,"100","230","1","2024-01-18 09:18:17","R_6Ecdi50Eb2YjlTQ","","","","",135,135,"anonymous","EN","2","2","1","636212999d9d4a04989c95e9","69","77","","","2","1","","3","","43","5","","636212999d9d4a04989c95e9"
"2024-01-18 09:16:39","2024-01-18 09:18:18","0",136,"100","98","1","2024-01-18 09:18:18","R_5LFDIyN6k8nKZ1C","","","","",136,136,"anonymous","EN","2","2","1","5eb17aefc2338227ce362731","","","52","73","2","1","","4","","37","4","","5eb17aefc2338227ce362731"
"2024-01-18 09:17:14","2024-01-18 09:18:21","0",137,"100","67","1","2024-01-18 09:18:21","R_1qOsM8NGCt7GPR1","","","","",137,137,"anonymous","EN","2","2","1","63ea5699c794ce2a4f225dc8","","","61","45","2","1","","3","","28","5","","63ea5699c794ce2a4f225dc8"
"2024-01-18 09:16:42","2024-01-18 09:18:22","0",138,"100","100","1","2024-01-18 09:18:22","R_7zu0mYTaDWyDhZ7","","","","",138,138,"anonymous","EN","2","2","1","60f3320a37b06dff39dd1d8c","80","35","","","2","2","","3","","61","4","","60f3320a37b06dff39dd1d8c"
"2024-01-18 09:17:55","2024-01-18 09:18:33","0",139,"100","38","1","2024-01-18 09:18:33","R_3j0eEnK36QdI6n0","","","","",139,139,"anonymous","EN","2","2","1","60ff4278d80ae9f23e25eb4b","44","71","","","2","3","","7","","22","4","","60ff4278d80ae9f23e25eb4b"
"2024-01-18 09:16:47","2024-01-18 09:18:35","0",140,"100","108","1","2024-01-18 09:18:35","R_1Myxqx4cP4LAD4n","","","","",140,140,"anonymous","EN","2","2","1","5c4685e43526c80001fd2899","","","32","62","2","1","","4","","40","4","","5c4685e43526c80001fd2899"
"2024-01-18 09:15:08","2024-01-18 09:18:36","0",141,"100","207","1","2024-01-18 09:18:36","R_11HOVeT7o8VNn5t","","","","",141,141,"anonymous","EN","2","2","1","6568f71e4bde2a6c9da07cc7","72","79","","","2","2","","1","","32","7","","6568f71e4bde2a6c9da07cc7"
"2024-01-18 09:16:41","2024-01-18 09:18:36","0",142,"100","115","1","2024-01-18 09:18:37","R_72nEoBOLahz0ZZY","","","","",142,142,"anonymous","EN","2","2","1","5d38fb96a2087f0019272bc0","","","3","78","2","2","","3","","35","2","","5d38fb96a2087f0019272bc0"
"2024-01-18 09:16:37","2024-01-18 09:18:36","0",143,"100","118","1","2024-01-18 09:18:37","R_1PzXATZkfC0bUtc","","","","",143,143,"anonymous","EN","2","2","1","651db9ab7095773ef04e5b8c","80","7","","","2","2","","3","","33","3","","651db9ab7095773ef04e5b8c"
"2024-01-18 09:17:13","2024-01-18 09:18:44","0",144,"100","90","1","2024-01-18 09:18:45","R_5AKjpe81W4sZpiv","","","","",144,144,"anonymous","EN","2","2","1","574cca765e5491000f3c89e0","","","50","81","2","1","","3","","62","2","","574cca765e5491000f3c89e0"
"2024-01-18 09:14:47","2024-01-18 09:19:03","0",145,"100","255","1","2024-01-18 09:19:03","R_11yGFaQhSNrsUSw","","","","",145,145,"anonymous","EN","2","2","1","63767a851344bd887e00249e","","","20","89","2","4","Non-Binary","3","","55","8","Associate's Degree (2 year)","63767a851344bd887e00249e"
"2024-01-18 09:13:21","2024-01-18 09:20:13","0",146,"100","412","1","2024-01-18 09:20:14","R_34iwF8cXHDTusu6","","","","",146,146,"anonymous","EN","2","2","1","615efd1df11a7d21f0f12f68","","","72","16","2","2","","3","","34","4","","615efd1df11a7d21f0f12f68"
"2024-01-18 09:15:42","2024-01-18 09:20:24","0",147,"100","281","1","2024-01-18 09:20:25","R_5L56kQCU4EVH6LX","","","","",147,147,"anonymous","EN","2","2","1","5bf311373a5bf00001401f64","","","85","0","2","1","","1","","37","1","","5bf311373a5bf00001401f64"
"2024-01-18 09:13:14","2024-01-18 09:21:21","0",148,"100","487","1","2024-01-18 09:21:22","R_57rqDusbrmbk0sF","","","","",148,148,"anonymous","EN","2","2","1","58c38ef58158840001b5c230","","","80","90","2","1","","3","","36","4","","58c38ef58158840001b5c230"
"2024-01-18 09:20:16","2024-01-18 09:21:31","0",149,"100","75","1","2024-01-18 09:21:32","R_6b65WuW1rGIvDWh","","","","",149,149,"anonymous","EN","2","2","1","5d89590e521ad100164eccab","","","51","45","2","2","","3","","25","3","","5d89590e521ad100164eccab"
"2024-01-18 09:16:32","2024-01-18 09:22:32","0",150,"100","359","1","2024-01-18 09:22:32","R_5IDQonpEwqIqIlb","","","","",150,150,"anonymous","EN","2","2","1","60e37439f7c69f9e2d4466eb","100","50","","","2","2","","1","","59","1","","60e37439f7c69f9e2d4466eb"
"2024-01-18 09:16:10","2024-01-18 09:22:56","0",151,"100","406","1","2024-01-18 09:22:57","R_10HEHp0N8YwYRIf","","","","",151,151,"anonymous","EN","2","2","1","60fe5defab667c1156a91e48","96","87","","","1","1","","3","","27","4","","60fe5defab667c1156a91e48"
"2024-01-18 09:22:25","2024-01-18 09:23:32","0",152,"100","67","1","2024-01-18 09:23:33","R_1Gx1ydDnB5BkOl5","","","","",152,152,"anonymous","EN","2","2","1","5c961ee66357fb0001ef4b4a","","","69","93","2","1","","1","","54","1","","5c961ee66357fb0001ef4b4a"
"2024-01-18 09:23:24","2024-01-18 09:24:08","0",153,"100","44","1","2024-01-18 09:24:09","R_3CspALAZuCJw71n","","","","",153,153,"anonymous","EN","2","2","1","602d3534af703b6fe8b4033d","90","40","","","2","1","","3","","30","3","","602d3534af703b6fe8b4033d"
"2024-01-18 09:23:39","2024-01-18 09:24:23","0",154,"100","44","1","2024-01-18 09:24:24","R_7UbmXZheRC1WtQN","","","","",154,154,"anonymous","EN","2","1","","","","","","","","","","","","","","","5e45f4cbbc594a0dc5429501"
