"StartDate","EndDate","Status","Progress","Duration..in.seconds.","Finished","RecordedDate","ResponseId","RecipientLastName","RecipientFirstName","RecipientEmail","ExternalReference","LocationLatitude","LocationLongitude","DistributionChannel","UserLanguage","consent","attn_check_1","attn_check_2","attn_check_3_1","attn_check_3_2","attn_check_3_3","attn_check_4","elon_dv_1","elon_essence_1","buffett_dv_1","buffett_essence_1","politics_1","comp_check_1","comp_check_2","gender","gender_4_TEXT","ethnicity","ethnicity_5_TEXT","age","education","education_9_TEXT","comments","StudyID","condition"
"5/24/2022 10:34","5/24/2022 10:35",1,100,51,1,"5/24/2022 10:35","R_1MX3M5x4btb7oTi",NA,NA,NA,NA,1,1,"preview","EN",1,2,2,NA,NA,NA,NA,63,38,NA,NA,67,2,1,NA,"",NA,"",NA,9,"test","","cmc_9","musk"
"5/24/2022 10:41","5/24/2022 10:45",0,100,222,1,"5/24/2022 10:45","R_3KT2dJa9JNaGXoA",NA,NA,NA,NA,2,2,"anonymous","EN",1,2,2,NA,NA,NA,NA,NA,NA,69,74,44,3,1,NA,"",NA,"",NA,NA,"","test","cmc_9","buffett"
"5/24/2022 10:52","5/24/2022 10:56",0,100,235,1,"5/24/2022 10:56","R_3QJnNtl1H8UFsOL",NA,NA,NA,NA,3,3,"anonymous","EN",1,2,2,NA,NA,NA,NA,NA,NA,69,86,64,2,1,1,"",1,"",45,2,"","","cmc_9","buffett"
"5/24/2022 10:54","5/24/2022 10:56",0,100,120,1,"5/24/2022 10:56","R_32KiBjXnyHByLpT",NA,NA,NA,NA,4,4,"anonymous","EN",1,2,2,NA,NA,NA,NA,65,80,NA,NA,10,1,4,1,"",1,"",30,5,"","","cmc_9","musk"
"5/24/2022 10:55","5/24/2022 10:57",0,100,88,1,"5/24/2022 10:57","R_3pulc2VVnF2pamC",NA,NA,NA,NA,5,5,"anonymous","EN",1,2,2,NA,NA,NA,NA,NA,NA,0,20,20,2,1,2,"",4,"",29,5,"","","cmc_9","buffett"
"5/24/2022 10:56","5/24/2022 10:57",0,100,80,1,"5/24/2022 10:57","R_2z5zEfv3LXgNvbV",NA,NA,NA,NA,6,6,"anonymous","EN",1,2,2,NA,NA,NA,NA,50,99,NA,NA,20,1,4,2,"",1,"",27,4,"","","cmc_9","musk"
"5/24/2022 10:57","5/24/2022 10:59",0,100,72,1,"5/24/2022 10:59","R_1pRawT38BzO41a4",NA,NA,NA,NA,7,7,"anonymous","EN",1,2,2,NA,NA,NA,NA,71,72,NA,NA,28,1,4,1,"",2,"",26,5,"","","cmc_9","musk"
"5/24/2022 10:56","5/24/2022 11:00",0,100,199,1,"5/24/2022 11:00","R_2QG36RMcq8eyl7M",NA,NA,NA,NA,8,8,"anonymous","EN",1,2,2,NA,NA,NA,NA,NA,NA,100,76,71,2,1,2,"",1,"",49,5,"","","cmc_9","buffett"
"5/24/2022 10:58","5/24/2022 11:00",0,100,93,1,"5/24/2022 11:00","R_1mEI9tF7sFGPh8I",NA,NA,NA,NA,9,9,"anonymous","EN",1,2,2,NA,NA,NA,NA,NA,NA,9,20,57,2,4,2,"",5,"Hispanic",26,4,"","I really enjoyed this survey!","cmc_9","buffett"
"5/24/2022 10:57","5/24/2022 11:00",0,100,146,1,"5/24/2022 11:00","R_3meLh6AePVfQPM0",NA,NA,NA,NA,10,10,"anonymous","EN",1,2,2,NA,NA,NA,NA,76,88,NA,NA,3,1,4,1,"",2,"",26,5,"","","cmc_9","musk"
"5/24/2022 11:15","5/24/2022 11:17",0,100,133,1,"5/24/2022 11:17","R_cYZcd4GRdRyYtQl",NA,NA,NA,NA,11,11,"anonymous","EN",1,2,2,NA,NA,NA,NA,NA,NA,70,100,50,2,1,1,"",2,"",32,5,"","","cmc_9","buffett"
"5/24/2022 11:31","5/24/2022 11:33",0,100,72,1,"5/24/2022 11:33","R_wSRuoVugX1cIDRf",NA,NA,NA,NA,12,12,"anonymous","EN",1,2,2,NA,NA,NA,NA,NA,NA,38,72,11,2,1,1,"",1,"",35,5,"","","cmc_9","buffett"
"5/24/2022 11:32","5/24/2022 11:33",0,100,80,1,"5/24/2022 11:33","R_1r8rwOy68qEw8j8",NA,NA,NA,NA,13,13,"anonymous","EN",1,2,2,NA,NA,NA,NA,0,8,NA,NA,83,1,4,2,"",1,"",25,5,"","","cmc_9","musk"
"5/24/2022 11:31","5/24/2022 11:34",0,100,157,1,"5/24/2022 11:34","R_9zc6HSMc2Lj2w13",NA,NA,NA,NA,14,14,"anonymous","EN",1,2,2,NA,NA,NA,NA,0,20,NA,NA,20,1,4,1,"",2,"",47,4,"","","cmc_9","musk"
"5/24/2022 11:32","5/24/2022 11:35",0,100,152,1,"5/24/2022 11:35","R_1PYjYRjq9p4ECva",NA,NA,NA,NA,15,15,"anonymous","EN",1,2,2,NA,NA,NA,NA,100,60,NA,NA,20,1,4,2,"",1,"",37,6,"","","cmc_9","musk"
"5/24/2022 11:33","5/24/2022 11:35",0,100,121,1,"5/24/2022 11:35","R_2zUWTFU8Mput4DI",NA,NA,NA,NA,16,16,"anonymous","EN",1,2,2,NA,NA,NA,NA,NA,NA,20,35,20,2,1,1,"",1,"",43,2,"","","cmc_9","buffett"
"5/24/2022 11:36","5/24/2022 11:37",0,100,82,1,"5/24/2022 11:37","R_a5lDfy3D2CW3dTP",NA,NA,NA,NA,17,17,"anonymous","EN",1,2,2,NA,NA,NA,NA,0,0,NA,NA,65,1,4,1,"",1,"",38,5,"","","cmc_9","musk"
"5/24/2022 11:38","5/24/2022 11:39",0,100,66,1,"5/24/2022 11:39","R_voezjMhIoI1HGaR",NA,NA,NA,NA,18,18,"anonymous","EN",1,2,2,NA,NA,NA,NA,NA,NA,43,49,0,2,1,1,"",3,"",31,5,"","","cmc_9","buffett"
"5/24/2022 11:40","5/24/2022 11:41",0,100,71,1,"5/24/2022 11:41","R_3NFnzP6WIygNIWC",NA,NA,NA,NA,19,19,"anonymous","EN",1,2,2,NA,NA,NA,NA,NA,NA,0,70,30,2,1,1,"",3,"",26,5,"","","cmc_9","buffett"
"5/24/2022 11:51","5/24/2022 11:55",0,100,199,1,"5/24/2022 11:55","R_2cCQ39mT5jIWC6W",NA,NA,NA,NA,20,20,"anonymous","EN",1,2,2,NA,NA,NA,NA,0,0,NA,NA,55,1,4,2,"",1,"",53,5,"","I think Twitter started out being about free speech and then turned into some psychotically politically correct monstrosity. Jack Dorsey, the founder of Twitter, agrees with the direction Elon Musk wants to take it. So I think instead of changing Twitter, Musk will take it back to its roots and what it was intended to be.","cmc_9","musk"
"5/24/2022 12:04","5/24/2022 12:06",0,100,116,1,"5/24/2022 12:06","R_QoBnub9LI0C7rTr",NA,NA,NA,NA,21,21,"anonymous","EN",1,2,2,NA,NA,NA,NA,NA,NA,90,100,60,2,1,1,"",1,"",44,6,"","","cmc_9","buffett"
"5/24/2022 12:08","5/24/2022 12:10",0,100,148,1,"5/24/2022 12:10","R_9vruXBF2pYeY2rL",NA,NA,NA,NA,22,22,"anonymous","EN",1,2,2,NA,NA,NA,NA,50,80,NA,NA,25,1,4,1,"",3,"",36,5,"","Elon is the bot.

Hundreds of millions of bots have manipulated Tesla stock for years.","cmc_9","musk"
"5/24/2022 12:11","5/24/2022 12:14",0,100,138,1,"5/24/2022 12:14","R_115TVqpxhbiuq3m",NA,NA,NA,NA,23,23,"anonymous","EN",1,2,2,NA,NA,NA,NA,NA,NA,20,60,20,2,1,1,"",1,"",57,3,"","","cmc_9","buffett"
"5/24/2022 12:06","5/24/2022 12:14",0,100,498,1,"5/24/2022 12:14","R_1l0QaQrTmCawmnU",NA,NA,NA,NA,24,24,"anonymous","EN",1,2,2,NA,NA,NA,NA,0,9,NA,NA,43,1,4,2,"",4,"",25,5,"","Thank you for allowing me to participate! ","cmc_9","musk"
"5/24/2022 12:12","5/24/2022 12:16",0,100,258,1,"5/24/2022 12:16","R_3qsT0NJfDZmSWcb",NA,NA,NA,NA,25,25,"anonymous","EN",1,2,2,NA,NA,NA,NA,1,1,NA,NA,71,1,4,1,"",1,"",68,5,"","","cmc_9","musk"
"5/24/2022 12:17","5/24/2022 12:20",0,100,191,1,"5/24/2022 12:20","R_etX9j5rbHO5M8mZ",NA,NA,NA,NA,26,26,"anonymous","EN",1,2,2,NA,NA,NA,NA,NA,NA,53,54,62,2,4,1,"",1,"",30,5,"","","cmc_9","buffett"
"5/24/2022 12:20","5/24/2022 12:21",0,100,74,1,"5/24/2022 12:22","R_3siY4rqBVxB7f2h",NA,NA,NA,NA,27,27,"anonymous","EN",1,2,2,NA,NA,NA,NA,30,87,NA,NA,43,1,5,1,"",1,"",37,5,"","","cmc_9","musk"
"5/24/2022 12:29","5/24/2022 12:30",0,100,73,1,"5/24/2022 12:30","R_3qKwqvd93bOBvao",NA,NA,NA,NA,28,28,"anonymous","EN",1,2,2,NA,NA,NA,NA,NA,NA,86,64,96,2,1,1,"",1,"",39,5,"","","cmc_9","buffett"
"5/24/2022 12:32","5/24/2022 12:34",0,100,94,1,"5/24/2022 12:34","R_1MRuMuapzDoLJk5",NA,NA,NA,NA,29,29,"anonymous","EN",1,2,2,NA,NA,NA,NA,NA,NA,0,100,0,2,1,2,"",4,"",29,4,"","","cmc_9","buffett"
"5/24/2022 12:37","5/24/2022 12:39",0,100,118,1,"5/24/2022 12:39","R_Od2Bz5ZzNUVYtj3",NA,NA,NA,NA,30,30,"anonymous","EN",1,2,2,NA,NA,NA,NA,NA,NA,0,20,29,2,1,1,"",1,"",61,4,"","","cmc_9","buffett"
"5/24/2022 12:37","5/24/2022 12:39",0,100,140,1,"5/24/2022 12:39","R_1kZEF86d0qI0dEu",NA,NA,NA,NA,31,31,"anonymous","EN",1,2,2,NA,NA,NA,NA,0,0,NA,NA,63,1,4,2,"",1,"",53,5,"","","cmc_9","musk"
"5/24/2022 12:38","5/24/2022 12:40",0,100,97,1,"5/24/2022 12:40","R_27x8cz2NxYtWkrh",NA,NA,NA,NA,32,32,"anonymous","EN",1,2,2,NA,NA,NA,NA,0,0,NA,NA,100,1,4,1,"",1,"",41,5,"","","cmc_9","musk"
"5/24/2022 12:39","5/24/2022 12:41",0,100,97,1,"5/24/2022 12:41","R_2U9qjfYvtn4CeL4",NA,NA,NA,NA,33,33,"anonymous","EN",1,2,2,NA,NA,NA,NA,NA,NA,100,14,0,2,1,2,"",1,"",57,8,"","","cmc_9","buffett"
"5/24/2022 12:41","5/24/2022 12:42",0,100,77,1,"5/24/2022 12:42","R_cAww99dTghelvqx",NA,NA,NA,NA,34,34,"anonymous","EN",1,2,2,NA,NA,NA,NA,NA,NA,0,50,45,2,1,1,"",1,"",27,2,"","","cmc_9","buffett"
"5/24/2022 12:43","5/24/2022 12:44",0,100,75,1,"5/24/2022 12:44","R_1nVNtTt53w7dw6V",NA,NA,NA,NA,35,35,"anonymous","EN",1,2,2,NA,NA,NA,NA,0,0,NA,NA,58,1,4,1,"",1,"",48,4,"","","cmc_9","musk"
"5/24/2022 12:43","5/24/2022 12:45",0,100,127,1,"5/24/2022 12:45","R_24wu23otJEBBo8J",NA,NA,NA,NA,36,36,"anonymous","EN",1,2,2,NA,NA,NA,NA,61,100,NA,NA,10,1,4,2,"",2,"",38,4,"","","cmc_9","musk"
"5/24/2022 12:44","5/24/2022 12:46",0,100,110,1,"5/24/2022 12:46","R_DCsReEaUXw53LjP",NA,NA,NA,NA,37,37,"anonymous","EN",1,2,2,NA,NA,NA,NA,NA,NA,15,10,1,2,1,1,"",1,"",41,6,"","","cmc_9","buffett"
"5/24/2022 12:49","5/24/2022 12:51",0,100,112,1,"5/24/2022 12:51","R_2CWKmAGmeM6mRhh",NA,NA,NA,NA,38,38,"anonymous","EN",1,2,2,NA,NA,NA,NA,2,1,NA,NA,51,1,4,2,"",1,"",30,4,"","","cmc_9","musk"
"5/24/2022 13:11","5/24/2022 13:11",0,100,48,1,"5/24/2022 13:11","R_BDK8xTA4yIdZ3Hz",NA,NA,NA,NA,39,39,"anonymous","EN",1,2,2,NA,NA,NA,NA,NA,NA,50,78,100,2,1,2,"",1,"",45,5,"","","cmc_9","buffett"
"5/24/2022 13:11","5/24/2022 13:14",0,100,168,1,"5/24/2022 13:14","R_2qxQuHiJTM3K9GJ",NA,NA,NA,NA,40,40,"anonymous","EN",1,2,2,NA,NA,NA,NA,NA,NA,91,59,50,2,1,1,"",1,"",34,5,"","","cmc_9","buffett"
"5/24/2022 13:14","5/24/2022 13:16",0,100,145,1,"5/24/2022 13:16","R_vIGCIzERvm1VAWt",NA,NA,NA,NA,41,41,"anonymous","EN",1,2,2,NA,NA,NA,NA,1,1,NA,NA,69,1,4,1,"",1,"",38,4,"","Freedom of speech is a Constitutional right of all American citizens. Any action to protect and promote freedom of speech is a good thing for the future of the United States of America. ","cmc_9","musk"
"5/24/2022 13:15","5/24/2022 13:16",0,100,69,1,"5/24/2022 13:16","R_1jIMqPcwmlbMBa2",NA,NA,NA,NA,42,42,"anonymous","EN",1,2,2,NA,NA,NA,NA,NA,NA,80,72,39,2,1,1,"",1,"",32,4,"","","cmc_9","buffett"
"5/24/2022 13:15","5/24/2022 13:16",0,100,106,1,"5/24/2022 13:16","R_sFpJ4uWYHoVXzz3",NA,NA,NA,NA,43,43,"anonymous","EN",1,2,2,NA,NA,NA,NA,0,0,NA,NA,50,1,4,2,"",1,"",29,6,"","","cmc_9","musk"
"5/24/2022 13:18","5/24/2022 13:19",0,100,74,1,"5/24/2022 13:19","R_DzNwD933duUxSSt",NA,NA,NA,NA,44,44,"anonymous","EN",1,2,2,NA,NA,NA,NA,NA,NA,55,100,5,2,1,1,"",1,"",28,6,"","","cmc_9","buffett"
"5/24/2022 13:17","5/24/2022 13:20",0,100,164,1,"5/24/2022 13:20","R_2zkc05vmyCMgRqS",NA,NA,NA,NA,45,45,"anonymous","EN",1,2,2,NA,NA,NA,NA,50,70,NA,NA,0,1,1,2,"",1,"",37,4,"","","cmc_9","musk"
"5/24/2022 13:25","5/24/2022 13:27",0,100,114,1,"5/24/2022 13:27","R_2pK52YYmwbSJvKk",NA,NA,NA,NA,46,46,"anonymous","EN",1,2,2,NA,NA,NA,NA,NA,NA,78,74,100,2,1,1,"",1,"",34,5,"","","cmc_9","buffett"
"5/24/2022 13:23","5/24/2022 13:27",0,100,254,1,"5/24/2022 13:27","R_2rGUoCmhLLEdLvX",NA,NA,NA,NA,47,47,"anonymous","EN",1,2,2,NA,NA,NA,NA,0,0,NA,NA,0,1,4,2,"",3,"",32,5,"","","cmc_9","musk"
"5/24/2022 13:45","5/24/2022 13:46",0,100,61,1,"5/24/2022 13:46","R_2wFjfCMjWoe8oAF",NA,NA,NA,NA,48,48,"anonymous","EN",1,2,2,NA,NA,NA,NA,NA,NA,50,50,50,2,1,1,"",1,"",21,2,"","","cmc_9","buffett"
"5/24/2022 13:49","5/24/2022 13:50",0,100,80,1,"5/24/2022 13:51","R_2So7DXhnEORGRoC",NA,NA,NA,NA,49,49,"anonymous","EN",1,2,2,NA,NA,NA,NA,33,17,NA,NA,76,1,4,1,"",1,"",30,6,"","","cmc_9","musk"
"5/24/2022 13:51","5/24/2022 13:52",0,100,55,1,"5/24/2022 13:52","R_1goNBe3LcH5fl6V",NA,NA,NA,NA,50,50,"anonymous","EN",1,2,2,NA,NA,NA,NA,NA,NA,100,90,0,2,1,2,"",4,"",29,4,"","","cmc_9","buffett"
"5/24/2022 13:53","5/24/2022 13:53",0,100,56,1,"5/24/2022 13:53","R_1mFbe5siWXpMitg",NA,NA,NA,NA,51,51,"anonymous","EN",1,2,2,NA,NA,NA,NA,44,62,NA,NA,40,1,4,2,"",1,"",25,6,"","","cmc_9","musk"
"5/24/2022 13:55","5/24/2022 13:57",0,100,123,1,"5/24/2022 13:57","R_2Ed8l66XDRUFLmX",NA,NA,NA,NA,52,52,"anonymous","EN",1,2,2,NA,NA,NA,NA,0,0,NA,NA,64,1,4,1,"",1,"",32,6,"","No comment but have a nice day!","cmc_9","musk"
"5/24/2022 13:55","5/24/2022 13:58",0,100,190,1,"5/24/2022 13:58","R_3QLbSWaQVdLNPCY",NA,NA,NA,NA,53,53,"anonymous","EN",1,2,2,NA,NA,NA,NA,NA,NA,50,50,0,2,1,4,"nonbinary",1,"",28,5,"","","cmc_9","buffett"
"5/24/2022 14:00","5/24/2022 14:01",0,100,73,1,"5/24/2022 14:01","R_Qp3zx3VATd5C9cR",NA,NA,NA,NA,54,54,"anonymous","EN",1,2,2,NA,NA,NA,NA,NA,NA,85,91,25,2,1,1,"",3,"",22,5,"","","cmc_9","buffett"
"5/24/2022 14:05","5/24/2022 14:06",0,100,74,1,"5/24/2022 14:06","R_6G3AyI2O6T7EtWN",NA,NA,NA,NA,55,55,"anonymous","EN",1,2,2,NA,NA,NA,NA,50,56,NA,NA,0,1,1,1,"",3,"",32,5,"","","cmc_9","musk"
"5/24/2022 14:10","5/24/2022 14:15",0,100,288,1,"5/24/2022 14:15","R_3DcPlnJiL3DoqI3",NA,NA,NA,NA,56,56,"anonymous","EN",1,2,2,NA,NA,NA,NA,NA,NA,20,80,15,1,1,1,"",1,"",69,5,"","","cmc_9","buffett"
"5/24/2022 14:19","5/24/2022 14:21",0,100,100,1,"5/24/2022 14:21","R_3Mg7sjXaQ4as1LO",NA,NA,NA,NA,57,57,"anonymous","EN",1,2,2,NA,NA,NA,NA,0,0,NA,NA,0,1,4,2,"",2,"",26,6,"","","cmc_9","musk"
"5/24/2022 14:26","5/24/2022 14:28",0,100,107,1,"5/24/2022 14:28","R_10N2oysOirdTL2C",NA,NA,NA,NA,58,58,"anonymous","EN",1,2,2,NA,NA,NA,NA,0,16,NA,NA,50,1,4,1,"",2,"",28,5,"","","cmc_9","musk"
"5/24/2022 14:24","5/24/2022 14:31",0,100,432,1,"5/24/2022 14:31","R_3kiftw4M1rqNQGC",NA,NA,NA,NA,59,59,"anonymous","EN",1,2,2,NA,NA,NA,NA,NA,NA,0,10,50,2,1,1,"",4,"",26,5,"","","cmc_9","buffett"
"5/24/2022 14:35","5/24/2022 14:37",0,100,130,1,"5/24/2022 14:37","R_2diruBeFMKTTUPu",NA,NA,NA,NA,60,60,"anonymous","EN",1,2,2,NA,NA,NA,NA,59,51,NA,NA,1,1,5,1,"",4,"",21,4,"","","cmc_9","musk"
"5/24/2022 14:41","5/24/2022 14:43",0,100,86,1,"5/24/2022 14:43","R_2SIzy9kFxvVoMvo",NA,NA,NA,NA,61,61,"anonymous","EN",1,2,2,NA,NA,NA,NA,NA,NA,18,93,0,2,1,2,"",1,"",24,4,"","","cmc_9","buffett"
"5/24/2022 14:47","5/24/2022 14:51",0,100,243,1,"5/24/2022 14:51","R_87CovvbENkUta8h",NA,NA,NA,NA,62,62,"anonymous","EN",1,2,2,NA,NA,NA,NA,0,0,NA,NA,10,1,5,1,"",1,"",68,8,"","Your final question referred to ""censorship.""

I responded to the question in a manner that reflected that what I believe Twitter currently exercises is not censorship, but rather control, because I believe that much of what is excluded is the equivalent of yelling ""FIRE"" in a crowded theater.","cmc_9","musk"
"5/24/2022 14:54","5/24/2022 14:57",0,100,153,1,"5/24/2022 14:57","R_USWUenj5nK4CoiR",NA,NA,NA,NA,63,63,"anonymous","EN",1,2,2,NA,NA,NA,NA,85,67,NA,NA,15,1,4,2,"",1,"",54,5,"","","cmc_9","musk"
"5/24/2022 14:53","5/24/2022 14:59",0,100,331,1,"5/24/2022 14:59","R_1OIFYnQX0QjmsJb",NA,NA,NA,NA,64,64,"anonymous","EN",1,2,2,NA,NA,NA,NA,NA,NA,30,10,35,2,1,1,"",1,"",31,5,"","publicly trade companies or corporations do not have values. They have one duty and that is to maximize profit, and minimize cost. They will adopt whatever value gives them more profit or allows them to cut costs. You see this in how they donate to both political parties, and how they fight so hard to destroy unions, and worker benefits.","cmc_9","buffett"
"5/24/2022 15:08","5/24/2022 15:09",0,100,84,1,"5/24/2022 15:09","R_1QzvdcQBelT01lE",NA,NA,NA,NA,65,65,"anonymous","EN",1,2,2,NA,NA,NA,NA,NA,NA,0,0,10,2,1,1,"",1,"",37,5,"","","cmc_9","buffett"
"5/24/2022 15:08","5/24/2022 15:11",0,100,139,1,"5/24/2022 15:11","R_AtSPmFfbUWqlPPz",NA,NA,NA,NA,66,66,"anonymous","EN",1,2,2,NA,NA,NA,NA,38,47,NA,NA,13,1,4,2,"",1,"",31,6,"","","cmc_9","musk"
"5/24/2022 15:12","5/24/2022 15:13",0,100,91,1,"5/24/2022 15:13","R_1GQ970JqCmzvT6t",NA,NA,NA,NA,67,67,"anonymous","EN",1,2,2,NA,NA,NA,NA,NA,NA,33,45,40,2,1,1,"",1,"",31,5,"","","cmc_9","buffett"
"5/24/2022 15:16","5/24/2022 15:17",0,100,68,1,"5/24/2022 15:17","R_O3EiQIkbrLP9lN7",NA,NA,NA,NA,68,68,"anonymous","EN",1,2,2,NA,NA,NA,NA,70,50,NA,NA,10,1,5,1,"",5,"Jewish",26,6,"","Nope","cmc_9","musk"
"5/24/2022 15:16","5/24/2022 15:17",0,100,84,1,"5/24/2022 15:17","R_Ov6xDLHrYu5vvgd",NA,NA,NA,NA,69,69,"anonymous","EN",1,2,2,NA,NA,NA,NA,NA,NA,14,64,68,2,1,1,"",1,"",36,5,"","","cmc_9","buffett"
"5/24/2022 15:34","5/24/2022 15:36",0,100,111,1,"5/24/2022 15:36","R_3Ms7a7lTbcPjc5P",NA,NA,NA,NA,70,70,"anonymous","EN",1,2,2,NA,NA,NA,NA,NA,NA,74,91,40,2,1,1,"",3,"",39,5,"","","cmc_9","buffett"
"5/24/2022 15:38","5/24/2022 15:39",0,100,117,1,"5/24/2022 15:39","R_2uyWwL3WZewHuJx",NA,NA,NA,NA,71,71,"anonymous","EN",1,2,2,NA,NA,NA,NA,51,8,NA,NA,50,1,4,2,"",1,"",27,4,"","","cmc_9","musk"
"5/24/2022 15:43","5/24/2022 15:45",0,100,132,1,"5/24/2022 15:45","R_2Eiab6STZG6Luk8",NA,NA,NA,NA,72,72,"anonymous","EN",1,2,2,NA,NA,NA,NA,NA,NA,100,100,90,2,1,1,"",1,"",66,4,"","","cmc_9","buffett"
"5/24/2022 15:50","5/24/2022 15:53",0,100,172,1,"5/24/2022 15:53","R_3UBl2Z872nf6EBb",NA,NA,NA,NA,73,73,"anonymous","EN",1,2,2,NA,NA,NA,NA,1,0,NA,NA,75,1,5,2,"",1,"",60,5,"","I am not truly sure we even know what Twitter has really been up to for goodness sake! ","cmc_9","musk"
"5/24/2022 15:52","5/24/2022 15:54",0,100,126,1,"5/24/2022 15:54","R_r3gtaINPNbCo7ux",NA,NA,NA,NA,74,74,"anonymous","EN",1,2,2,NA,NA,NA,NA,NA,NA,100,50,85,2,1,1,"",1,"",64,6,"","","cmc_9","buffett"
"5/24/2022 15:58","5/24/2022 16:00",0,100,120,1,"5/24/2022 16:00","R_1o5p05DRLjcGEcO",NA,NA,NA,NA,75,75,"anonymous","EN",1,2,2,NA,NA,NA,NA,29,41,NA,NA,3,1,4,2,"",2,"",23,5,"","","cmc_9","musk"
"5/24/2022 16:08","5/24/2022 16:11",0,100,149,1,"5/24/2022 16:11","R_77YL2glIgV3LeI9",NA,NA,NA,NA,76,76,"anonymous","EN",1,2,2,NA,NA,NA,NA,35,61,NA,NA,16,1,4,2,"",2,"",38,5,"","","cmc_9","musk"
"5/24/2022 16:10","5/24/2022 16:11",0,100,78,1,"5/24/2022 16:11","R_vqq2qHS1DAuXCxz",NA,NA,NA,NA,77,77,"anonymous","EN",1,2,2,NA,NA,NA,NA,NA,NA,83,50,0,2,4,2,"",2,"",23,4,"","","cmc_9","buffett"
"5/24/2022 16:43","5/24/2022 16:44",0,100,66,1,"5/24/2022 16:44","R_2dEimafkR3kPe87",NA,NA,NA,NA,78,78,"anonymous","EN",1,2,2,NA,NA,NA,NA,NA,NA,35,69,14,2,1,1,"",1,"",19,4,"","","cmc_9","buffett"
"5/24/2022 16:58","5/24/2022 17:03",0,100,281,1,"5/24/2022 17:03","R_2D2euHpA1eOfGAL",NA,NA,NA,NA,79,79,"anonymous","EN",1,2,2,NA,NA,NA,NA,1,4,NA,NA,60,1,4,1,"",1,"",26,5,"","1st amendment.  Don't forget it.  If you don't like what you read or hear then go somewhere else.  There's plenty of 3rd and 4th world countries waiting for the censor police and then again who made them judge, jury and executioner of speech.","cmc_9","musk"
"5/24/2022 17:05","5/24/2022 17:07",0,100,85,1,"5/24/2022 17:07","R_3dQE9mXmpd76zxn",NA,NA,NA,NA,80,80,"anonymous","EN",1,2,2,NA,NA,NA,NA,NA,NA,2,15,30,2,1,1,"",1,"",43,2,"","","cmc_9","buffett"
"5/24/2022 17:09","5/24/2022 17:12",0,100,171,1,"5/24/2022 17:12","R_1rpkZNDQ01dJW3w",NA,NA,NA,NA,81,81,"anonymous","EN",1,2,2,NA,NA,NA,NA,75,50,NA,NA,0,1,4,2,"",1,"",43,5,"","","cmc_9","musk"
"5/24/2022 17:20","5/24/2022 17:22",0,100,138,1,"5/24/2022 17:22","R_PMoTx70X5zlqUw1",NA,NA,NA,NA,82,82,"anonymous","EN",1,2,2,NA,NA,NA,NA,10,31,NA,NA,42,1,4,1,"",1,"",38,5,"","","cmc_9","musk"
"5/24/2022 17:31","5/24/2022 17:32",0,100,62,1,"5/24/2022 17:32","R_31pFhl2yiHoSI5r",NA,NA,NA,NA,83,83,"anonymous","EN",1,2,2,NA,NA,NA,NA,NA,NA,19,71,28,2,1,1,"",1,"",34,6,"","","cmc_9","buffett"
"5/24/2022 17:33","5/24/2022 17:35",0,100,127,1,"5/24/2022 17:35","R_yrSLFcX1R7pW6Ep",NA,NA,NA,NA,84,84,"anonymous","EN",1,2,2,NA,NA,NA,NA,50,50,NA,NA,45,1,5,1,"",4,"",41,5,"","","cmc_9","musk"
"5/24/2022 17:44","5/24/2022 17:46",0,100,124,1,"5/24/2022 17:46","R_3kANT8Yv1KFQhYR",NA,NA,NA,NA,85,85,"anonymous","EN",1,2,1,15,20,30,1,NA,NA,91,38,61,2,1,1,"",1,"",26,5,"","","cmc_9","buffett"
"5/24/2022 18:06","5/24/2022 18:08",0,100,127,1,"5/24/2022 18:08","R_2rgJtDN0CdsuxKF",NA,NA,NA,NA,86,86,"anonymous","EN",1,2,2,NA,NA,NA,NA,0,0,NA,NA,60,1,4,2,"",1,"",50,2,"","","cmc_9","musk"
"5/24/2022 18:15","5/24/2022 18:16",0,100,69,1,"5/24/2022 18:16","R_3CKrW1HfoYYdLEJ",NA,NA,NA,NA,87,87,"anonymous","EN",1,2,2,NA,NA,NA,NA,NA,NA,50,71,18,2,1,2,"",1,"",39,8,"","","cmc_9","buffett"
"5/24/2022 18:31","5/24/2022 18:33",0,100,120,1,"5/24/2022 18:33","R_tMAgHMLmR7ufaeJ",NA,NA,NA,NA,88,88,"anonymous","EN",1,2,2,NA,NA,NA,NA,NA,NA,2,42,50,2,1,1,"",1,"",45,6,"","","cmc_9","buffett"
"5/24/2022 18:34","5/24/2022 18:36",0,100,157,1,"5/24/2022 18:36","R_1f89P6RggWnw1AC",NA,NA,NA,NA,89,89,"anonymous","EN",1,2,2,NA,NA,NA,NA,0,10,NA,NA,50,1,4,1,"",3,"",42,5,"","","cmc_9","musk"
"5/24/2022 19:10","5/24/2022 19:12",0,100,108,1,"5/24/2022 19:12","R_3qmNfaq6POvZDfa",NA,NA,NA,NA,90,90,"anonymous","EN",1,2,2,NA,NA,NA,NA,NA,NA,50,49,0,2,1,2,"",1,"",37,4,"","","cmc_9","buffett"
"5/24/2022 19:49","5/24/2022 19:51",0,100,66,1,"5/24/2022 19:51","R_1jkRLMl34KwNlpC",NA,NA,NA,NA,91,91,"anonymous","EN",1,2,2,NA,NA,NA,NA,25,56,NA,NA,40,1,4,2,"",1,"",26,6,"","","cmc_9","musk"
"5/24/2022 19:59","5/24/2022 20:00",0,100,48,1,"5/24/2022 20:00","R_3hbGYhKGc6oIcy4",NA,NA,NA,NA,92,92,"anonymous","EN",1,2,2,NA,NA,NA,NA,NA,NA,50,100,50,2,1,1,"",3,"",27,4,"","","cmc_9","buffett"
"5/24/2022 20:14","5/24/2022 20:15",0,100,84,1,"5/24/2022 20:15","R_uwaD3xGJzV35tIZ",NA,NA,NA,NA,93,93,"anonymous","EN",1,2,2,NA,NA,NA,NA,0,0,NA,NA,91,1,4,1,"",3,"",54,7,"","","cmc_9","musk"
"5/24/2022 20:52","5/24/2022 20:55",0,100,145,1,"5/24/2022 20:55","R_2PukaLmvl8pQRQM",NA,NA,NA,NA,94,94,"anonymous","EN",1,2,2,NA,NA,NA,NA,30,25,NA,NA,50,1,4,1,"",4,"",33,4,"","","cmc_9","musk"
"5/24/2022 21:21","5/24/2022 21:22",0,100,92,1,"5/24/2022 21:23","R_2y7qbFU2s2dEVx9",NA,NA,NA,NA,95,95,"anonymous","EN",1,2,2,NA,NA,NA,NA,NA,NA,0,50,30,2,1,2,"",2,"",38,6,"","","cmc_9","buffett"
"5/24/2022 21:33","5/24/2022 21:34",0,100,103,1,"5/24/2022 21:34","R_3ExOBe6N9u4IZaJ",NA,NA,NA,NA,96,96,"anonymous","EN",1,2,2,NA,NA,NA,NA,NA,NA,98,96,99,2,1,1,"",5,"Latino",29,5,"","no comments","cmc_9","buffett"
"5/24/2022 21:46","5/24/2022 21:53",0,100,402,1,"5/24/2022 21:53","R_24pXJjIgX1M8qT0",NA,NA,NA,NA,97,97,"anonymous","EN",1,2,2,NA,NA,NA,NA,75,61,NA,NA,0,1,4,2,"",1,"",32,5,"","An optional written response should have been added so participants could explain ""why"" they would either keep or delete their Twitter account if Elon Musk does indeed acquire Twitter. I would delete my Twitter account, but not because of how Twitter would change, but because I am tired of ultra-wealthy people buying up everything in this country. ","cmc_9","musk"
"5/25/2022 0:01","5/25/2022 0:06",0,100,255,1,"5/25/2022 0:06","R_2vle7vXPjlXLxko",NA,NA,NA,NA,98,98,"anonymous","EN",1,2,2,NA,NA,NA,NA,0,12,NA,NA,12,1,4,1,"",2,"",35,5,"","","cmc_9","musk"
"5/25/2022 0:14","5/25/2022 0:18",0,100,206,1,"5/25/2022 0:18","R_12u1XanSiSjhCjd",NA,NA,NA,NA,99,99,"anonymous","EN",1,2,2,NA,NA,NA,NA,NA,NA,30,50,80,2,1,1,"",2,"",25,4,"","Elon's acquisition of twitter in my opinion is good.","cmc_9","buffett"
"5/25/2022 0:25","5/25/2022 0:26",0,100,72,1,"5/25/2022 0:26","R_3kvx6hIlAbfgdvL",NA,NA,NA,NA,100,100,"anonymous","EN",1,2,2,NA,NA,NA,NA,NA,NA,50,50,50,2,1,1,"",4,"",24,4,"","","cmc_9","buffett"
"5/25/2022 0:46","5/25/2022 0:48",0,100,105,1,"5/25/2022 0:48","R_24oAWtJQqWyYg87",NA,NA,NA,NA,101,101,"anonymous","EN",1,2,2,NA,NA,NA,NA,6,1,NA,NA,50,1,1,1,"",3,"",35,4,"","","cmc_9","musk"
"5/25/2022 3:08","5/25/2022 3:09",0,100,57,1,"5/25/2022 3:09","R_3s4hg3YYN0vPEFu",NA,NA,NA,NA,102,102,"anonymous","EN",1,2,2,NA,NA,NA,NA,NA,NA,83,69,100,2,1,1,"",1,"",45,4,"","","cmc_9","buffett"
"5/25/2022 3:12","5/25/2022 3:14",0,100,130,1,"5/25/2022 3:14","R_2XaMZQTBHSQnCES",NA,NA,NA,NA,103,103,"anonymous","EN",1,2,2,NA,NA,NA,NA,66,73,NA,NA,41,1,4,1,"",1,"",30,5,"","","cmc_9","musk"
"5/25/2022 3:34","5/25/2022 3:41",0,100,429,1,"5/25/2022 3:41","R_2CwYxygE8GuGbGf",NA,NA,NA,NA,104,104,"anonymous","EN",1,2,2,NA,NA,NA,NA,0,0,NA,NA,10,1,4,2,"",2,"",30,5,"","","cmc_9","musk"
"5/25/2022 5:05","5/25/2022 5:06",0,100,50,1,"5/25/2022 5:06","R_0IXM1NGuloOPCO5",NA,NA,NA,NA,105,105,"anonymous","EN",1,2,2,NA,NA,NA,NA,NA,NA,0,44,65,2,1,2,"",1,"",27,4,"","","cmc_9","buffett"
"5/25/2022 5:43","5/25/2022 5:46",0,100,176,1,"5/25/2022 5:46","R_2rYiPakjKf9xbJu",NA,NA,NA,NA,106,106,"anonymous","EN",1,2,2,NA,NA,NA,NA,8,18,NA,NA,45,1,4,1,"",1,"",49,5,"","","cmc_9","musk"
"5/25/2022 5:47","5/25/2022 5:50",0,100,189,1,"5/25/2022 5:50","R_2bIynvGgdqWARaF",NA,NA,NA,NA,107,107,"anonymous","EN",1,2,2,NA,NA,NA,NA,NA,NA,100,30,82,2,1,2,"",1,"",44,4,"","Thank you.","cmc_9","buffett"
"5/25/2022 6:11","5/25/2022 6:16",0,100,282,1,"5/25/2022 6:16","R_OPV9MlhWM6d2Xrb",NA,NA,NA,NA,108,108,"anonymous","EN",1,2,2,NA,NA,NA,NA,NA,NA,51,40,51,2,4,2,"",5,"African American",45,4,"","","cmc_9","buffett"
"5/25/2022 6:29","5/25/2022 6:31",0,100,153,1,"5/25/2022 6:31","R_2Wxy4lVERFAICSR",NA,NA,NA,NA,109,109,"anonymous","EN",1,2,2,NA,NA,NA,NA,71,50,NA,NA,0,1,4,2,"",1,"",27,5,"","In regards to the twitter situation, I'm more worried about the lack of censorship and what that means for harassment and alt-right recruitment, not the values of a brand.","cmc_9","musk"
"5/25/2022 6:32","5/25/2022 6:40",0,100,507,1,"5/25/2022 6:40","R_3L10XxjpEAmUUj0",NA,NA,NA,NA,110,110,"anonymous","EN",1,2,2,NA,NA,NA,NA,NA,NA,0,24,0,2,1,2,"",1,"",73,4,"","I would consider the use of the word 'censorship'  to be somewhat misleading in this survey. It's just another trigger for the right wing.  Defining policies put in place to thwart abuse and harassment doesn't seem like censorship to me. ","cmc_9","buffett"
"5/25/2022 6:44","5/25/2022 6:46",0,100,96,1,"5/25/2022 6:46","R_3MDqCeso4FBB3Hw",NA,NA,NA,NA,111,111,"anonymous","EN",1,2,2,NA,NA,NA,NA,20,5,NA,NA,50,1,4,1,"",1,"",24,5,"","","cmc_9","musk"
"5/25/2022 7:05","5/25/2022 7:07",0,100,93,1,"5/25/2022 7:07","R_3gZAgq7RobpGMW7",NA,NA,NA,NA,112,112,"anonymous","EN",1,2,2,NA,NA,NA,NA,NA,NA,0,100,28,2,1,2,"",1,"",48,3,"","","cmc_9","buffett"
"5/25/2022 7:06","5/25/2022 7:07",0,100,62,1,"5/25/2022 7:07","R_1isdwEL7xuHGyAn",NA,NA,NA,NA,113,113,"anonymous","EN",1,2,2,NA,NA,NA,NA,20,50,NA,NA,24,1,4,1,"",1,"",36,6,"","","cmc_9","musk"
"5/25/2022 7:06","5/25/2022 7:09",0,100,136,1,"5/25/2022 7:09","R_1ojs7j5GtNGJo87",NA,NA,NA,NA,114,114,"anonymous","EN",1,2,2,NA,NA,NA,NA,5,7,NA,NA,30,1,4,1,"",4,"",44,5,"","","cmc_9","musk"
"5/25/2022 7:06","5/25/2022 7:09",0,100,164,1,"5/25/2022 7:09","R_O0Cvc6erSnySHlL",NA,NA,NA,NA,115,115,"anonymous","EN",1,2,2,NA,NA,NA,NA,90,95,NA,NA,90,1,4,2,"",1,"",63,4,"","","cmc_9","musk"
"5/25/2022 7:23","5/25/2022 7:25",0,100,123,1,"5/25/2022 7:25","R_1CDX8cHyNXkBccY",NA,NA,NA,NA,116,116,"anonymous","EN",1,2,2,NA,NA,NA,NA,NA,NA,100,95,10,2,1,2,"",1,"",44,4,"","I really will delete my Twitter account if Elon Musk gains full control of the company (which I honestly do not feel will happen). The Twitter board called his bluff and he's panicking. ","cmc_9","buffett"
"5/25/2022 7:38","5/25/2022 7:41",0,100,206,1,"5/25/2022 7:41","R_20M4JPX95fhEr5z",NA,NA,NA,NA,117,117,"anonymous","EN",1,2,2,NA,NA,NA,NA,NA,NA,80,80,50,2,1,1,"",1,"",34,6,"","","cmc_9","buffett"
"5/25/2022 7:45","5/25/2022 7:47",0,100,99,1,"5/25/2022 7:47","R_1d3JhRj0nnksAY4",NA,NA,NA,NA,118,118,"anonymous","EN",1,2,2,NA,NA,NA,NA,NA,NA,8,73,50,2,1,1,"",2,"",30,5,"","","cmc_9","buffett"
"5/25/2022 8:13","5/25/2022 8:15",0,100,85,1,"5/25/2022 8:15","R_2zpPhyqyUT83GuG",NA,NA,NA,NA,119,119,"anonymous","EN",1,2,2,NA,NA,NA,NA,38,48,NA,NA,48,1,4,1,"",1,"",44,6,"","","cmc_9","musk"
"5/25/2022 8:24","5/25/2022 8:25",0,100,62,1,"5/25/2022 8:25","R_4JEyJsvx9l76QKJ",NA,NA,NA,NA,120,120,"anonymous","EN",1,2,2,NA,NA,NA,NA,NA,NA,90,90,50,2,1,1,"",1,"",34,5,"","","cmc_9","buffett"
"5/25/2022 8:40","5/25/2022 8:42",0,100,122,1,"5/25/2022 8:42","R_3lG5l0byD99Ip7j",NA,NA,NA,NA,121,121,"anonymous","EN",1,2,2,NA,NA,NA,NA,95,100,NA,NA,1,1,4,4,"nonbinary",1,"",32,5,"","","cmc_9","musk"
"5/25/2022 8:53","5/25/2022 8:54",0,100,74,1,"5/25/2022 8:54","R_2bI8sGNCge00yVO",NA,NA,NA,NA,122,122,"anonymous","EN",1,2,2,NA,NA,NA,NA,NA,NA,10,68,32,2,1,2,"",1,"",25,5,"","","cmc_9","buffett"
"5/25/2022 9:21","5/25/2022 9:23",0,100,104,1,"5/25/2022 9:23","R_zckhaKiOxGKAT3H",NA,NA,NA,NA,123,123,"anonymous","EN",1,2,2,NA,NA,NA,NA,0,0,NA,NA,50,1,4,2,"",1,"",44,2,"","","cmc_9","musk"
"5/25/2022 10:26","5/25/2022 10:27",0,100,67,1,"5/25/2022 10:27","R_2skCbfF3pp1hyIF",NA,NA,NA,NA,124,124,"anonymous","EN",1,2,2,NA,NA,NA,NA,65,89,NA,NA,0,1,4,1,"",4,"",31,5,"","","cmc_9","musk"
"5/25/2022 11:04","5/25/2022 11:06",0,100,135,1,"5/25/2022 11:06","R_rpB7Zmfk17gOpdD",NA,NA,NA,NA,125,125,"anonymous","EN",1,2,2,NA,NA,NA,NA,NA,NA,75,69,1,2,1,2,"",1,"",56,5,"","","cmc_9","buffett"
"5/25/2022 11:06","5/25/2022 11:07",0,100,94,1,"5/25/2022 11:07","R_3kGNpGOCgT0L1zS",NA,NA,NA,NA,126,126,"anonymous","EN",1,2,2,NA,NA,NA,NA,NA,NA,40,100,31,2,1,1,"",1,"",27,5,"","","cmc_9","buffett"
"5/25/2022 11:43","5/25/2022 11:45",0,100,156,1,"5/25/2022 11:45","R_1hSvPI80C08mg52",NA,NA,NA,NA,127,127,"anonymous","EN",1,2,2,NA,NA,NA,NA,0,0,NA,NA,80,1,4,2,"",1,"",37,4,"","","cmc_9","musk"
"5/25/2022 12:38","5/25/2022 12:39",0,100,64,1,"5/25/2022 12:39","R_3kLZB5f3GrkPJqB",NA,NA,NA,NA,128,128,"anonymous","EN",1,2,2,NA,NA,NA,NA,50,31,NA,NA,21,1,4,2,"",1,"",22,9,"AA","","cmc_9","musk"
"5/25/2022 13:13","5/25/2022 13:15",0,100,104,1,"5/25/2022 13:15","R_3nDGXMMi9rdoqrU",NA,NA,NA,NA,129,129,"anonymous","EN",1,2,2,NA,NA,NA,NA,NA,NA,90,90,10,2,1,1,"",1,"",29,5,"","","cmc_9","buffett"
"5/25/2022 13:18","5/25/2022 13:19",0,100,113,1,"5/25/2022 13:19","R_31slRz2ombSRVhM",NA,NA,NA,NA,130,130,"anonymous","EN",1,2,2,NA,NA,NA,NA,NA,NA,20,76,50,2,1,2,"",1,"",55,2,"","","cmc_9","buffett"
"5/25/2022 13:47","5/25/2022 13:49",0,100,140,1,"5/25/2022 13:49","R_1Ia37blICGBzkqv",NA,NA,NA,NA,131,131,"anonymous","EN",1,2,2,NA,NA,NA,NA,81,91,NA,NA,25,1,4,2,"",1,"",67,4,"","","cmc_9","musk"
"5/25/2022 14:42","5/25/2022 14:43",0,100,90,1,"5/25/2022 14:43","R_1OBrXSuZ9Fv8Pp9",NA,NA,NA,NA,132,132,"anonymous","EN",1,2,2,NA,NA,NA,NA,NA,NA,80,100,20,2,1,2,"",3,"",38,5,"","none","cmc_9","buffett"
"5/25/2022 14:42","5/25/2022 14:44",0,100,132,1,"5/25/2022 14:44","R_3qx7aNdkz4V5E3F",NA,NA,NA,NA,133,133,"anonymous","EN",1,2,2,NA,NA,NA,NA,1,2,NA,NA,50,1,4,1,"",1,"",53,4,"","","cmc_9","musk"
"5/25/2022 15:33","5/25/2022 15:34",0,100,79,1,"5/25/2022 15:34","R_vUCTIlJOspqLxF7",NA,NA,NA,NA,134,134,"anonymous","EN",1,2,2,NA,NA,NA,NA,NA,NA,20,40,31,2,1,1,"",1,"",34,5,"","","cmc_9","buffett"
"5/25/2022 15:42","5/25/2022 15:44",0,100,160,1,"5/25/2022 15:44","R_1r6L7oUbJGK8w4M",NA,NA,NA,NA,135,135,"anonymous","EN",1,2,2,NA,NA,NA,NA,50,65,NA,NA,11,1,4,1,"",1,"",51,7,"","survey went very well, thank you","cmc_9","musk"
"5/25/2022 15:53","5/25/2022 15:56",0,100,161,1,"5/25/2022 15:56","R_3CT1Eo4Ct1UN2oX",NA,NA,NA,NA,136,136,"anonymous","EN",1,2,2,NA,NA,NA,NA,80,90,NA,NA,40,1,4,1,"",1,"",48,5,"","I have no comment","cmc_9","musk"
"5/25/2022 15:59","5/25/2022 16:00",0,100,58,1,"5/25/2022 16:00","R_2f7NJGLsaVZqAsN",NA,NA,NA,NA,137,137,"anonymous","EN",1,2,2,NA,NA,NA,NA,NA,NA,50,58,1,2,1,2,"",1,"",43,6,"","","cmc_9","buffett"
"5/25/2022 16:21","5/25/2022 16:23",0,100,102,1,"5/25/2022 16:23","R_5zqpKSYPj37YuQ1",NA,NA,NA,NA,138,138,"anonymous","EN",1,2,2,NA,NA,NA,NA,NA,NA,50,62,10,2,1,2,"",1,"",49,6,"","","cmc_9","buffett"
"5/25/2022 17:21","5/25/2022 17:23",0,100,97,1,"5/25/2022 17:23","R_2wFTKsp5Duec6IN",NA,NA,NA,NA,139,139,"anonymous","EN",1,2,2,NA,NA,NA,NA,50,70,NA,NA,0,1,1,2,"",1,"",48,5,"","","cmc_9","musk"
"5/25/2022 17:54","5/25/2022 18:01",0,100,451,1,"5/25/2022 18:01","R_2D7TSkZbUDQ8h7O",NA,NA,NA,NA,140,140,"anonymous","EN",1,2,2,NA,NA,NA,NA,86,100,NA,NA,9,1,5,2,"",1,"",48,4,"","","cmc_9","musk"
"5/25/2022 18:01","5/25/2022 18:03",0,100,140,1,"5/25/2022 18:03","R_1r06PwiV2sXi9Wp",NA,NA,NA,NA,141,141,"anonymous","EN",1,2,2,NA,NA,NA,NA,NA,NA,50,55,50,2,4,2,"",1,"",28,3,"","","cmc_9","buffett"
"5/25/2022 18:03","5/25/2022 18:05",0,100,87,1,"5/25/2022 18:05","R_vk1p3BFXqeEVltL",NA,NA,NA,NA,142,142,"anonymous","EN",1,2,2,NA,NA,NA,NA,NA,NA,50,80,9,2,1,2,"",4,"",43,4,"","","cmc_9","buffett"
"5/25/2022 18:15","5/25/2022 18:17",0,100,163,1,"5/25/2022 18:17","R_Qh361ddbPhGJwvD",NA,NA,NA,NA,143,143,"anonymous","EN",1,2,2,NA,NA,NA,NA,10,10,NA,NA,40,1,4,1,"",1,"",71,2,"","","cmc_9","musk"
"5/25/2022 18:26","5/25/2022 18:28",0,100,74,1,"5/25/2022 18:28","R_3nUvdL7rp0cceTC",NA,NA,NA,NA,144,144,"anonymous","EN",1,2,2,NA,NA,NA,NA,NA,NA,85,8,58,2,1,1,"",1,"",28,5,"","","cmc_9","buffett"
"5/25/2022 18:38","5/25/2022 18:39",0,100,79,1,"5/25/2022 18:39","R_3JCUEje57CiqQ5z",NA,NA,NA,NA,145,145,"anonymous","EN",1,2,2,NA,NA,NA,NA,2,2,NA,NA,82,1,5,1,"",1,"",47,2,"","","cmc_9","musk"
"5/25/2022 18:49","5/25/2022 18:50",0,100,63,1,"5/25/2022 18:50","R_3DpDevWdL2AewEX",NA,NA,NA,NA,146,146,"anonymous","EN",1,2,2,NA,NA,NA,NA,0,0,NA,NA,12,1,4,1,"",1,"",33,6,"","","cmc_9","musk"
"5/25/2022 19:07","5/25/2022 19:09",0,100,165,1,"5/25/2022 19:10","R_2Bmp8kfGP02wCWP",NA,NA,NA,NA,147,147,"anonymous","EN",1,2,2,NA,NA,NA,NA,NA,NA,70,92,21,2,1,2,"",1,"",50,3,"","","cmc_9","buffett"
"5/25/2022 19:21","5/25/2022 19:22",0,100,85,1,"5/25/2022 19:22","R_Od1iILlY8wx3woV",NA,NA,NA,NA,148,148,"anonymous","EN",1,2,2,NA,NA,NA,NA,NA,NA,60,37,2,2,1,1,"",1,"",40,5,"","","cmc_9","buffett"
"5/25/2022 19:27","5/25/2022 19:28",0,100,87,1,"5/25/2022 19:28","R_2TRSQ0wgbdh7m4J",NA,NA,NA,NA,149,149,"anonymous","EN",1,2,2,NA,NA,NA,NA,19,60,NA,NA,20,1,4,2,"",3,"",31,5,"","","cmc_9","musk"
"5/25/2022 19:28","5/25/2022 19:31",0,100,167,1,"5/25/2022 19:31","R_qKqRcfAsjCzjjzz",NA,NA,NA,NA,150,150,"anonymous","EN",1,2,2,NA,NA,NA,NA,75,100,NA,NA,25,1,4,2,"",1,"",40,5,"","","cmc_9","musk"
"5/25/2022 19:37","5/25/2022 19:39",0,100,108,1,"5/25/2022 19:39","R_3gMdF6HIYq7qGp4",NA,NA,NA,NA,151,151,"anonymous","EN",1,2,2,NA,NA,NA,NA,NA,NA,80,80,50,2,1,2,"",1,"",48,4,"","","cmc_9","buffett"
"5/25/2022 20:20","5/25/2022 20:25",0,100,321,1,"5/25/2022 20:25","R_1Zl3l64oipBJTCF",NA,NA,NA,NA,152,152,"anonymous","EN",1,2,2,NA,NA,NA,NA,50,50,NA,NA,72,1,4,2,"",2,"",34,5,"","","cmc_9","musk"
"5/25/2022 20:30","5/25/2022 20:31",0,100,101,1,"5/25/2022 20:31","R_2amADPF2D0q10xf",NA,NA,NA,NA,153,153,"anonymous","EN",1,2,2,NA,NA,NA,NA,NA,NA,52,49,37,2,4,2,"",1,"",36,3,"","","cmc_9","buffett"
"5/25/2022 21:44","5/25/2022 21:46",0,100,121,1,"5/25/2022 21:47","R_1K1fO8z0tNDgEIl",NA,NA,NA,NA,154,154,"anonymous","EN",1,2,2,NA,NA,NA,NA,70,50,NA,NA,28,1,4,1,"",1,"",59,5,"","","cmc_9","musk"
"5/25/2022 23:21","5/25/2022 23:23",0,100,99,1,"5/25/2022 23:23","R_1FwBzapuRQtoC9x",NA,NA,NA,NA,155,155,"anonymous","EN",1,2,2,NA,NA,NA,NA,NA,NA,100,100,20,2,1,2,"",2,"",19,4,"","","cmc_9","buffett"
"5/26/2022 2:44","5/26/2022 2:48",0,100,211,1,"5/26/2022 2:48","R_7WFtVeVySaQ5Brb",NA,NA,NA,NA,156,156,"anonymous","EN",1,2,2,NA,NA,NA,NA,NA,NA,80,90,25,2,1,2,"",1,"",27,2,"","Everything worked well. Thank you for the opportunity!","cmc_9","buffett"
"5/26/2022 4:21","5/26/2022 4:24",0,100,190,1,"5/26/2022 4:24","R_3PgyqZBvBK6ANCA",NA,NA,NA,NA,157,157,"anonymous","EN",1,2,2,NA,NA,NA,NA,90,100,NA,NA,40,1,4,2,"",1,"",44,5,"","","cmc_9","musk"
"5/26/2022 5:28","5/26/2022 5:29",0,100,69,1,"5/26/2022 5:30","R_7WDRCJ33k9BAbw5",NA,NA,NA,NA,158,158,"anonymous","EN",1,2,2,NA,NA,NA,NA,NA,NA,100,100,100,2,1,2,"",1,"",34,5,"","","cmc_9","buffett"
"5/26/2022 6:42","5/26/2022 6:44",0,100,107,1,"5/26/2022 6:44","R_1k1e4eR2gaYRTBh",NA,NA,NA,NA,159,159,"anonymous","EN",1,2,2,NA,NA,NA,NA,NA,NA,27,45,30,2,1,2,"",1,"",28,5,"","","cmc_9","buffett"
"5/26/2022 6:50","5/26/2022 6:52",0,100,129,1,"5/26/2022 6:52","R_31LXAqlBCJuwvbZ",NA,NA,NA,NA,160,160,"anonymous","EN",1,2,2,NA,NA,NA,NA,0,0,NA,NA,36,1,4,2,"",1,"",32,5,"","","cmc_9","musk"
"5/26/2022 6:36","5/26/2022 6:57",0,100,1236,1,"5/26/2022 6:57","R_3q7Cg5nWfLURfZy",NA,NA,NA,NA,161,161,"anonymous","EN",1,2,2,NA,NA,NA,NA,56,65,NA,NA,23,1,4,2,"",1,"",51,4,"","","cmc_9","musk"
"5/26/2022 6:57","5/26/2022 6:58",0,100,77,1,"5/26/2022 6:58","R_9yKefLL9ZV8OSS5",NA,NA,NA,NA,162,162,"anonymous","EN",1,2,2,NA,NA,NA,NA,0,50,NA,NA,80,1,4,2,"",1,"",38,4,"","","cmc_9","musk"
"5/26/2022 7:49","5/26/2022 7:52",0,100,168,1,"5/26/2022 7:52","R_2bN31GAljlDgt75",NA,NA,NA,NA,163,163,"anonymous","EN",1,2,2,NA,NA,NA,NA,NA,NA,0,90,60,2,1,2,"",1,"",77,5,"","","cmc_9","buffett"
"5/26/2022 7:59","5/26/2022 8:00",0,100,63,1,"5/26/2022 8:00","R_1H1pc6gfquqshOy",NA,NA,NA,NA,164,164,"anonymous","EN",1,2,2,NA,NA,NA,NA,26,71,NA,NA,0,1,4,1,"",1,"",31,5,"","","cmc_9","musk"
"5/26/2022 8:03","5/26/2022 8:05",0,100,94,1,"5/26/2022 8:05","R_27vqERhRqx2IDdU",NA,NA,NA,NA,165,165,"anonymous","EN",1,2,2,NA,NA,NA,NA,NA,NA,50,80,20,2,1,2,"",3,"",28,5,"","","cmc_9","buffett"
"5/26/2022 8:08","5/26/2022 8:09",0,100,62,1,"5/26/2022 8:09","R_2amNCmJGQ2ftNcC",NA,NA,NA,NA,166,166,"anonymous","EN",1,2,2,NA,NA,NA,NA,62,50,NA,NA,10,1,5,2,"",1,"",35,5,"","","cmc_9","musk"
"5/26/2022 8:51","5/26/2022 8:53",0,100,100,1,"5/26/2022 8:53","R_1QiNiXEROlqbnu0",NA,NA,NA,NA,167,167,"anonymous","EN",1,2,2,NA,NA,NA,NA,NA,NA,90,80,0,2,1,2,"",1,"",27,2,"","","cmc_9","buffett"
"5/26/2022 9:23","5/26/2022 9:27",0,100,214,1,"5/26/2022 9:27","R_2aPPq4d5jZSCUcb",NA,NA,NA,NA,168,168,"anonymous","EN",1,2,2,NA,NA,NA,NA,NA,NA,100,50,0,2,5,2,"",1,"",43,4,"","Clear and concise, thank you!","cmc_9","buffett"
"5/26/2022 10:13","5/26/2022 10:15",0,100,150,1,"5/26/2022 10:15","R_XKUEJw6pHcbZXt7",NA,NA,NA,NA,169,169,"anonymous","EN",1,2,2,NA,NA,NA,NA,20,30,NA,NA,50,1,4,1,"",1,"",32,6,"","It's an intriguing argument and shows how much the CEO really personifies the company.  I'm totally for free speech, just not hate speech.  ","cmc_9","musk"
"5/26/2022 10:20","5/26/2022 10:23",0,100,216,1,"5/26/2022 10:23","R_6Lon8yQ0z9b0c49",NA,NA,NA,NA,170,170,"anonymous","EN",1,2,2,NA,NA,NA,NA,1,2,NA,NA,70,1,5,1,"",4,"",52,5,"","","cmc_9","musk"
"5/26/2022 11:06","5/26/2022 11:07",0,100,95,1,"5/26/2022 11:07","R_3PcQZNC0llVDFwl",NA,NA,NA,NA,171,171,"anonymous","EN",1,2,2,NA,NA,NA,NA,NA,NA,49,52,46,2,1,1,"",3,"",38,5,"","","cmc_9","buffett"
"5/26/2022 12:23","5/26/2022 12:25",0,100,100,1,"5/26/2022 12:25","R_3ho2CkQkDDaoS3D",NA,NA,NA,NA,172,172,"anonymous","EN",1,2,2,NA,NA,NA,NA,2,2,NA,NA,84,1,4,2,"",1,"",37,4,"","","cmc_9","musk"
"5/26/2022 12:31","5/26/2022 12:33",0,100,83,1,"5/26/2022 12:33","R_d0fImkD576RIs6J",NA,NA,NA,NA,173,173,"anonymous","EN",1,2,2,NA,NA,NA,NA,NA,NA,51,61,29,2,1,2,"",1,"",40,3,"","","cmc_9","buffett"
"5/26/2022 13:30","5/26/2022 13:32",0,100,95,1,"5/26/2022 13:32","R_1Cq3gBo5pPNb4lH",NA,NA,NA,NA,174,174,"anonymous","EN",1,2,2,NA,NA,NA,NA,51,34,NA,NA,30,1,4,1,"",1,"",35,5,"","","cmc_9","musk"
"5/26/2022 13:36","5/26/2022 13:37",0,100,85,1,"5/26/2022 13:37","R_2ZCEUHCoNuiuiR6",NA,NA,NA,NA,175,175,"anonymous","EN",1,2,2,NA,NA,NA,NA,NA,NA,50,50,0,2,1,1,"",1,"",35,6,"","","cmc_9","buffett"
"5/26/2022 14:48","5/26/2022 14:49",0,100,97,1,"5/26/2022 14:49","R_vAWp3gJiT9uuniV",NA,NA,NA,NA,176,176,"anonymous","EN",1,2,2,NA,NA,NA,NA,NA,NA,20,70,20,2,1,2,"",1,"",54,8,"","","cmc_9","buffett"
"5/26/2022 15:03","5/26/2022 15:04",0,100,72,1,"5/26/2022 15:04","R_x0pIEpklFJZlvnH",NA,NA,NA,NA,177,177,"anonymous","EN",1,2,2,NA,NA,NA,NA,0,50,NA,NA,25,1,4,2,"",3,"",23,5,"","","cmc_9","musk"
"5/26/2022 15:08","5/26/2022 15:09",0,100,83,1,"5/26/2022 15:09","R_r9jerpHCbmikak1",NA,NA,NA,NA,178,178,"anonymous","EN",1,2,2,NA,NA,NA,NA,NA,NA,100,100,100,2,1,1,"",1,"",40,5,"","Elon is a Good person, the other is scum of the earth","cmc_9","buffett"
"5/26/2022 15:53","5/26/2022 15:55",0,100,152,1,"5/26/2022 15:55","R_1JJGtzZPFZMnPBd",NA,NA,NA,NA,179,179,"anonymous","EN",1,2,2,NA,NA,NA,NA,56,77,NA,NA,23,1,4,1,"",1,"",68,6,"","","cmc_9","musk"
"5/26/2022 17:08","5/26/2022 17:10",0,100,104,1,"5/26/2022 17:10","R_1gTqmf0Pp5u1Puv",NA,NA,NA,NA,180,180,"anonymous","EN",1,2,2,NA,NA,NA,NA,0,0,NA,NA,76,1,4,2,"",4,"",24,3,"","","cmc_9","musk"
"5/26/2022 17:15","5/26/2022 17:16",0,100,111,1,"5/26/2022 17:16","R_3psTC2QcelLeXeZ",NA,NA,NA,NA,181,181,"anonymous","EN",1,2,2,NA,NA,NA,NA,NA,NA,30,80,50,2,1,2,"",5,"Hispanic",26,5,"","","cmc_9","buffett"
"5/26/2022 20:22","5/26/2022 20:24",0,100,126,1,"5/26/2022 20:24","R_OMS9cMGStmhGww1",NA,NA,NA,NA,182,182,"anonymous","EN",1,2,2,NA,NA,NA,NA,65,9,NA,NA,53,1,1,1,"",3,"",25,5,"","Simple survey ","cmc_9","musk"
"5/26/2022 20:25","5/26/2022 20:27",0,100,144,1,"5/26/2022 20:27","R_1IbHLg0m9XnFAXj",NA,NA,NA,NA,183,183,"anonymous","EN",1,2,2,NA,NA,NA,NA,NA,NA,65,81,19,2,1,2,"",1,"",61,4,"","","cmc_9","buffett"
"5/26/2022 20:43","5/26/2022 20:44",0,100,81,1,"5/26/2022 20:44","R_2QlVEO136aGHVM6",NA,NA,NA,NA,184,184,"anonymous","EN",1,2,2,NA,NA,NA,NA,NA,NA,39,50,84,2,1,1,"",1,"",20,2,"","No issues","cmc_9","buffett"
"5/26/2022 21:17","5/26/2022 21:20",0,100,160,1,"5/26/2022 21:20","R_1FJqyeAk3fhmMad",NA,NA,NA,NA,185,185,"anonymous","EN",1,2,2,NA,NA,NA,NA,10,50,NA,NA,90,1,4,2,"",1,"",56,2,"","","cmc_9","musk"
"5/26/2022 22:45","5/26/2022 22:46",0,100,48,1,"5/26/2022 22:46","R_3J1KJyrvifQaMnM",NA,NA,NA,NA,186,186,"anonymous","EN",1,2,2,NA,NA,NA,NA,NA,NA,4,0,31,2,1,1,"",1,"",28,5,"","","cmc_9","buffett"
"5/27/2022 0:17","5/27/2022 0:20",0,100,128,1,"5/27/2022 0:20","R_3qpzZYlsCoJQ6x6",NA,NA,NA,NA,187,187,"anonymous","EN",1,2,2,NA,NA,NA,NA,70,50,NA,NA,0,1,4,1,"",1,"",34,5,"","","cmc_9","musk"
"5/27/2022 5:55","5/27/2022 5:57",0,100,110,1,"5/27/2022 5:57","R_Z1xVhlsjt0xd8Rz",NA,NA,NA,NA,188,188,"anonymous","EN",1,2,2,NA,NA,NA,NA,NA,NA,0,50,40,2,1,1,"",1,"",51,2,"","","cmc_9","buffett"
"5/27/2022 6:26","5/27/2022 6:27",0,100,92,1,"5/27/2022 6:27","R_RWigHbKHMIBT5fP",NA,NA,NA,NA,189,189,"anonymous","EN",1,2,2,NA,NA,NA,NA,50,80,NA,NA,0,1,4,1,"",1,"",27,5,"","","cmc_9","musk"
"5/27/2022 6:58","5/27/2022 6:59",0,100,73,1,"5/27/2022 6:59","R_OeuXF9nNmZRnvoZ",NA,NA,NA,NA,190,190,"anonymous","EN",1,2,2,NA,NA,NA,NA,NA,NA,96,100,2,2,1,2,"",1,"",20,4,"","","cmc_9","buffett"
"5/27/2022 7:37","5/27/2022 7:38",0,100,69,1,"5/27/2022 7:39","R_2afCnlT45SQE4Iw",NA,NA,NA,NA,191,191,"anonymous","EN",1,2,2,NA,NA,NA,NA,0,1,NA,NA,1,1,4,2,"",1,"",33,5,"","","cmc_9","musk"
"5/27/2022 7:41","5/27/2022 7:43",0,100,115,1,"5/27/2022 7:43","R_296cdW9jGLMGrMO",NA,NA,NA,NA,192,192,"anonymous","EN",1,2,2,NA,NA,NA,NA,NA,NA,100,100,80,2,1,1,"",1,"",45,6,"","","cmc_9","buffett"
"5/27/2022 7:52","5/27/2022 7:55",0,100,151,1,"5/27/2022 7:55","R_3IYy4gKdcg5pAm1",NA,NA,NA,NA,193,193,"anonymous","EN",1,2,2,NA,NA,NA,NA,0,20,NA,NA,100,1,4,1,"",1,"",42,5,"","","cmc_9","musk"
"5/27/2022 7:59","5/27/2022 8:00",0,100,107,1,"5/27/2022 8:00","R_erlOpHuymtwNyYp",NA,NA,NA,NA,194,194,"anonymous","EN",1,2,2,NA,NA,NA,NA,8,39,NA,NA,72,1,4,1,"",1,"",53,6,"","","cmc_9","musk"
"5/27/2022 8:03","5/27/2022 8:04",0,100,78,1,"5/27/2022 8:04","R_2s1mt8GhoquZWvh",NA,NA,NA,NA,195,195,"anonymous","EN",1,2,2,NA,NA,NA,NA,NA,NA,50,93,0,2,1,2,"",1,"",37,5,"","","cmc_9","buffett"
"5/27/2022 8:18","5/27/2022 8:20",0,100,134,1,"5/27/2022 8:20","R_3CI2N39V2Mq2eJC",NA,NA,NA,NA,196,196,"anonymous","EN",1,2,2,NA,NA,NA,NA,NA,NA,63,63,100,1,4,1,"",1,"",52,3,"","","cmc_9","buffett"
"5/27/2022 9:34","5/27/2022 9:35",0,100,87,1,"5/27/2022 9:35","R_vCPqn7DvFCAPCGl",NA,NA,NA,NA,197,197,"anonymous","EN",1,2,2,NA,NA,NA,NA,0,51,NA,NA,41,1,4,2,"",1,"",46,3,"","","cmc_9","musk"
"5/27/2022 9:53","5/27/2022 9:56",0,100,180,1,"5/27/2022 9:56","R_2VCHxSLPYulTZrM",NA,NA,NA,NA,198,198,"anonymous","EN",1,2,2,NA,NA,NA,NA,NA,NA,95,100,10,2,1,2,"",1,"",34,3,"","","cmc_9","buffett"
"5/27/2022 10:40","5/27/2022 10:42",0,100,115,1,"5/27/2022 10:42","R_2QYDeTJcFjwzqfY",NA,NA,NA,NA,199,199,"anonymous","EN",1,2,2,NA,NA,NA,NA,NA,NA,60,50,40,2,1,1,"",1,"",35,6,"","","cmc_9","buffett"
"5/27/2022 10:52","5/27/2022 10:54",0,100,119,1,"5/27/2022 10:54","R_1DBAW3dkWQROXxO",NA,NA,NA,NA,200,200,"anonymous","EN",1,2,2,NA,NA,NA,NA,11,8,NA,NA,41,1,4,1,"",3,"",24,5,"","","cmc_9","musk"
"5/27/2022 11:20","5/27/2022 11:21",0,100,99,1,"5/27/2022 11:21","R_2zd6YXZZ2HfHAmY",NA,NA,NA,NA,201,201,"anonymous","EN",1,2,2,NA,NA,NA,NA,NA,NA,20,52,0,2,1,4,"nonbinary",1,"",36,5,"","","cmc_9","buffett"
"5/27/2022 11:21","5/27/2022 11:22",0,100,68,1,"5/27/2022 11:22","R_9Sl8CykFlai3X8t",NA,NA,NA,NA,202,202,"anonymous","EN",1,2,2,NA,NA,NA,NA,2,0,NA,NA,56,1,4,1,"",1,"",23,2,"","","cmc_9","musk"
"5/27/2022 11:38","5/27/2022 11:41",0,100,144,1,"5/27/2022 11:41","R_2OGPESg5I2Wyshj",NA,NA,NA,NA,203,203,"anonymous","EN",1,2,2,NA,NA,NA,NA,NA,NA,0,50,0,2,1,1,"",1,"",38,4,"","","cmc_9","buffett"
"5/27/2022 11:56","5/27/2022 11:59",0,100,197,1,"5/27/2022 11:59","R_3OjHY5BkZAQC2oZ",NA,NA,NA,NA,204,204,"anonymous","EN",1,2,2,NA,NA,NA,NA,0,0,NA,NA,0,1,4,1,"",3,"",45,5,"","","cmc_9","musk"
"5/27/2022 12:08","5/27/2022 12:10",0,100,77,1,"5/27/2022 12:10","R_um07MV0bindXyRb",NA,NA,NA,NA,205,205,"anonymous","EN",1,2,2,NA,NA,NA,NA,NA,NA,10,80,30,2,1,1,"",1,"",37,7,"","","cmc_9","buffett"
"5/27/2022 12:36","5/27/2022 12:38",0,100,132,1,"5/27/2022 12:38","R_2YtVIQAuAHK2Wt3",NA,NA,NA,NA,206,206,"anonymous","EN",1,2,2,NA,NA,NA,NA,3,14,NA,NA,35,1,4,1,"",1,"",49,6,"","Wokeness has rotted out a lot of great American (and even multinational) companies.  Freedom and tolerance are the most import traits to have for a company.","cmc_9","musk"
"5/27/2022 13:25","5/27/2022 13:27",0,100,139,1,"5/27/2022 13:27","R_3RmYcLoGTbo4fcp",NA,NA,NA,NA,207,207,"anonymous","EN",1,2,2,NA,NA,NA,NA,0,20,NA,NA,80,1,4,1,"",1,"",45,2,"","","cmc_9","musk"
"5/27/2022 13:53","5/27/2022 13:56",0,100,175,1,"5/27/2022 13:56","R_1jYUvodDNzltlIV",NA,NA,NA,NA,208,208,"anonymous","EN",1,2,2,NA,NA,NA,NA,NA,NA,70,90,50,2,1,2,"",1,"",32,2,"","","cmc_9","buffett"
"5/27/2022 14:03","5/27/2022 14:05",0,100,111,1,"5/27/2022 14:05","R_W9eAzqPcP9eOyBj",NA,NA,NA,NA,209,209,"anonymous","EN",1,2,2,NA,NA,NA,NA,0,50,NA,NA,40,1,4,2,"",4,"",37,4,"","","cmc_9","musk"
"5/27/2022 15:18","5/27/2022 15:19",0,100,66,1,"5/27/2022 15:19","R_3fvfR0h9QWk4rtQ",NA,NA,NA,NA,210,210,"anonymous","EN",1,2,2,NA,NA,NA,NA,NA,NA,93,100,51,2,1,1,"",1,"",36,3,"","","cmc_9","buffett"
"5/27/2022 15:50","5/27/2022 15:52",0,100,129,1,"5/27/2022 15:52","R_d0jgBUTYFTrVPih",NA,NA,NA,NA,211,211,"anonymous","EN",1,2,2,NA,NA,NA,NA,1,1,NA,NA,50,1,4,1,"",4,"",31,3,"","","cmc_9","musk"
"5/27/2022 16:02","5/27/2022 16:05",0,100,154,1,"5/27/2022 16:05","R_1mP1Ney6w08OTE6",NA,NA,NA,NA,212,212,"anonymous","EN",1,2,2,NA,NA,NA,NA,NA,NA,50,40,50,2,1,1,"",1,"",38,4,"","Thanks for this opportunity","cmc_9","buffett"
"5/27/2022 17:02","5/27/2022 17:06",0,100,237,1,"5/27/2022 17:06","R_1NaIc5JHkRBJDn7",NA,NA,NA,NA,213,213,"anonymous","EN",1,2,2,NA,NA,NA,NA,10,100,NA,NA,10,1,4,2,"",2,"",49,5,"","","cmc_9","musk"
"5/27/2022 17:38","5/27/2022 17:39",0,100,94,1,"5/27/2022 17:39","R_d7s8lQQ7bEJbuCt",NA,NA,NA,NA,214,214,"anonymous","EN",1,2,2,NA,NA,NA,NA,NA,NA,30,40,41,2,1,1,"",1,"",41,8,"","","cmc_9","buffett"
"5/27/2022 20:35","5/27/2022 20:37",0,100,94,1,"5/27/2022 20:37","R_r1FyomI6FzovDLr",NA,NA,NA,NA,215,215,"anonymous","EN",1,2,2,NA,NA,NA,NA,NA,NA,28,52,40,2,1,2,"",3,"",39,7,"","","cmc_9","buffett"
"5/27/2022 22:46","5/27/2022 22:48",0,100,112,1,"5/27/2022 22:48","R_2aleEL8ihjrExPP",NA,NA,NA,NA,216,216,"anonymous","EN",1,2,1,15,90,1,1,100,100,NA,NA,0,1,4,1,"",1,"",34,6,"","","cmc_9","musk"
"5/28/2022 6:29","5/28/2022 6:31",0,100,129,1,"5/28/2022 6:31","R_22GtvR1Q7a2wHfE",NA,NA,NA,NA,217,217,"anonymous","EN",1,2,2,NA,NA,NA,NA,NA,NA,50,80,20,2,1,1,"",2,"",22,4,"","This survey was good!","cmc_9","buffett"
"5/28/2022 6:53","5/28/2022 6:56",0,100,164,1,"5/28/2022 6:56","R_Zf5G7EFaiWm8L5L",NA,NA,NA,NA,218,218,"anonymous","EN",1,2,2,NA,NA,NA,NA,30,20,NA,NA,70,1,4,2,"",1,"",57,6,"","n/a","cmc_9","musk"
"5/28/2022 8:26","5/28/2022 8:28",0,100,105,1,"5/28/2022 8:28","R_1ms0KNaSBrX7Ddd",NA,NA,NA,NA,219,219,"anonymous","EN",1,2,2,NA,NA,NA,NA,1,2,NA,NA,46,1,4,1,"",1,"",62,6,"","","cmc_9","musk"
"5/28/2022 10:05","5/28/2022 10:06",0,100,87,1,"5/28/2022 10:06","R_2Poj5tPphonjuae",NA,NA,NA,NA,220,220,"anonymous","EN",1,2,2,NA,NA,NA,NA,NA,NA,50,71,66,2,1,1,"",1,"",35,6,"","","cmc_9","buffett"
"5/28/2022 10:03","5/28/2022 10:11",0,100,480,1,"5/28/2022 10:11","R_w64ZPPsxCO4hlYJ",NA,NA,NA,NA,221,221,"anonymous","EN",1,2,2,NA,NA,NA,NA,NA,NA,10,60,50,2,1,1,"",4,"",61,5,"","Bad values? That is a tricky proposition, especially when it relates to something like censorship. I'd rather idiots be free to express their idiocy, because then they are easily recognized.","cmc_9","buffett"
"5/28/2022 10:20","5/28/2022 10:24",0,100,239,1,"5/28/2022 10:24","R_XZzmoBRZhWLqUZX",NA,NA,NA,NA,222,222,"anonymous","EN",1,2,2,NA,NA,NA,NA,50,55,NA,NA,40,1,4,2,"",1,"",30,2,"","I enjoyed participating in this survey! Thank you. I hope that you have a great day and weekend! :)","cmc_9","musk"
"5/28/2022 10:45","5/28/2022 10:46",0,100,71,1,"5/28/2022 10:46","R_w78KA6iWwo3oweJ",NA,NA,NA,NA,223,223,"anonymous","EN",1,2,2,NA,NA,NA,NA,100,100,NA,NA,0,1,1,4,"Genderqueer",5,"Latine",33,6,"","","cmc_9","musk"
"5/28/2022 11:03","5/28/2022 11:04",0,100,94,1,"5/28/2022 11:04","R_3s6dv6j2BxXzcR6",NA,NA,NA,NA,224,224,"anonymous","EN",1,2,2,NA,NA,NA,NA,NA,NA,19,30,59,2,1,2,"",2,"",27,5,"","","cmc_9","buffett"
"5/28/2022 11:39","5/28/2022 11:43",0,100,261,1,"5/28/2022 11:43","R_2qt3gDkZDDuc1oE",NA,NA,NA,NA,225,225,"anonymous","EN",1,2,2,NA,NA,NA,NA,NA,NA,10,14,9,2,1,2,"",4,"",53,4,"","Free speech does not mean being free of the consequences of your harmful/deceitful speech. Twitter can do whatever they want with the platform. Don't like it? Cancel your account, they're not going to miss you. ","cmc_9","buffett"
"5/28/2022 13:00","5/28/2022 13:02",0,100,117,1,"5/28/2022 13:02","R_1dhrMfA2iZ6yCjU",NA,NA,NA,NA,226,226,"anonymous","EN",1,2,2,NA,NA,NA,NA,49,50,NA,NA,11,1,4,2,"",1,"",36,5,"","","cmc_9","musk"
"5/28/2022 16:01","5/28/2022 16:03",0,100,95,1,"5/28/2022 16:03","R_3PnoMidYfeITflU",NA,NA,NA,NA,227,227,"anonymous","EN",1,2,2,NA,NA,NA,NA,55,52,NA,NA,3,1,4,2,"",1,"",47,5,"","","cmc_9","musk"
"5/28/2022 19:15","5/28/2022 19:17",0,100,110,1,"5/28/2022 19:17","R_3NQbRnr0BjYf7iQ",NA,NA,NA,NA,228,228,"anonymous","EN",1,2,2,NA,NA,NA,NA,NA,NA,30,70,30,2,1,2,"",1,"",55,5,"","","cmc_9","buffett"
"5/28/2022 23:25","5/28/2022 23:27",0,100,96,1,"5/28/2022 23:27","R_1lzqnY7d5B6xnk7",NA,NA,NA,NA,229,229,"anonymous","EN",1,2,2,NA,NA,NA,NA,NA,NA,50,91,13,2,1,2,"",1,"",34,6,"","","cmc_9","buffett"
"5/29/2022 2:43","5/29/2022 2:46",0,100,135,1,"5/29/2022 2:46","R_2WTOiZ6Wv3LeufR",NA,NA,NA,NA,230,230,"anonymous","EN",1,2,2,NA,NA,NA,NA,80,82,NA,NA,41,1,4,2,"",1,"",44,2,"","","cmc_9","musk"
"5/29/2022 4:49","5/29/2022 4:51",0,100,128,1,"5/29/2022 4:51","R_9WsPi0VTodYhwkh",NA,NA,NA,NA,231,231,"anonymous","EN",1,2,2,NA,NA,NA,NA,NA,NA,100,92,62,2,1,1,"",1,"",62,3,"","None.","cmc_9","buffett"
"5/29/2022 5:16","5/29/2022 5:18",0,100,126,1,"5/29/2022 5:18","R_2wbESEIEGzcYWEr",NA,NA,NA,NA,232,232,"anonymous","EN",1,2,2,NA,NA,NA,NA,0,0,NA,NA,60,1,4,1,"",1,"",48,4,"","","cmc_9","musk"
"5/29/2022 7:05","5/29/2022 7:06",0,100,83,1,"5/29/2022 7:06","R_1QMAcS5qVBgdBbc",NA,NA,NA,NA,233,233,"anonymous","EN",1,2,2,NA,NA,NA,NA,0,6,NA,NA,58,1,4,2,"",1,"",32,5,"","","cmc_9","musk"
"5/29/2022 8:18","5/29/2022 8:20",0,100,113,1,"5/29/2022 8:20","R_31GXUdn4mjmyMId",NA,NA,NA,NA,234,234,"anonymous","EN",1,2,2,NA,NA,NA,NA,NA,NA,92,78,19,1,4,2,"",1,"",49,5,"","Nice.","cmc_9","buffett"
"5/29/2022 8:35","5/29/2022 8:38",0,100,170,1,"5/29/2022 8:38","R_CfsheKfS7ImEnMB",NA,NA,NA,NA,235,235,"anonymous","EN",1,2,2,NA,NA,NA,NA,NA,NA,93,72,50,2,1,2,"",3,"",32,7,"","","cmc_9","buffett"
"5/29/2022 10:12","5/29/2022 10:14",0,100,133,1,"5/29/2022 10:14","R_YWuBnp3c1mvOQ7v",NA,NA,NA,NA,236,236,"anonymous","EN",1,2,2,NA,NA,NA,NA,0,0,NA,NA,20,1,4,1,"",1,"",29,6,"","","cmc_9","musk"
"5/29/2022 10:25","5/29/2022 10:26",0,100,88,1,"5/29/2022 10:26","R_3MtfjpqtdERbxYN",NA,NA,NA,NA,237,237,"anonymous","EN",1,2,2,NA,NA,NA,NA,NA,NA,40,80,0,2,1,2,"",1,"",20,4,"","","cmc_9","buffett"
"5/29/2022 14:23","5/29/2022 14:25",0,100,110,1,"5/29/2022 14:25","R_1rN5WQu2qwWgHIG",NA,NA,NA,NA,238,238,"anonymous","EN",1,2,2,NA,NA,NA,NA,70,55,NA,NA,0,1,4,2,"",2,"",34,5,"","","cmc_9","musk"
"5/29/2022 17:29","5/29/2022 17:31",0,100,84,1,"5/29/2022 17:31","R_8ICuULkQkkXVnjz",NA,NA,NA,NA,239,239,"anonymous","EN",1,2,2,NA,NA,NA,NA,10,50,NA,NA,33,1,4,1,"",5,"Latino",31,5,"","","cmc_9","musk"
"5/29/2022 17:44","5/29/2022 17:46",0,100,94,1,"5/29/2022 17:46","R_241NMF0r6CMCsgO",NA,NA,NA,NA,240,240,"anonymous","EN",1,2,2,NA,NA,NA,NA,NA,NA,50,40,50,2,1,1,"",1,"",27,4,"","","cmc_9","buffett"
"5/29/2022 18:47","5/29/2022 18:51",0,100,235,1,"5/29/2022 18:51","R_2EF3OSgwSUdxldz",NA,NA,NA,NA,241,241,"anonymous","EN",1,2,2,NA,NA,NA,NA,NA,NA,62,47,57,2,1,2,"",2,"",44,5,"","The great deal of the survey.","cmc_9","buffett"
"5/29/2022 19:13","5/29/2022 19:14",0,100,69,1,"5/29/2022 19:14","R_1qUQuVVanq9Sw7O",NA,NA,NA,NA,242,242,"anonymous","EN",1,2,2,NA,NA,NA,NA,1,30,NA,NA,51,1,1,2,"",1,"",25,6,"","","cmc_9","musk"
"5/29/2022 19:30","5/29/2022 19:31",0,100,98,1,"5/29/2022 19:31","R_3fUzYWTl1Al1MdZ",NA,NA,NA,NA,243,243,"anonymous","EN",1,2,2,NA,NA,NA,NA,NA,NA,100,100,99,2,1,1,"",1,"",42,5,"","","cmc_9","buffett"
"5/29/2022 19:36","5/29/2022 19:38",0,100,112,1,"5/29/2022 19:38","R_1qWeRGvthz7gAxM",NA,NA,NA,NA,244,244,"anonymous","EN",1,2,2,NA,NA,NA,NA,5,25,NA,NA,10,1,4,2,"",1,"",27,6,"","","cmc_9","musk"
"5/29/2022 21:42","5/29/2022 21:46",0,100,243,1,"5/29/2022 21:46","R_RJqwJRwxKZfx9W9",NA,NA,NA,NA,245,245,"anonymous","EN",1,2,2,NA,NA,NA,NA,50,40,NA,NA,42,1,4,2,"",1,"",28,5,"","I think Twitter was originally open minded towards liberal views, but now it might simply be more open minded for conservatives too.","cmc_9","musk"
"5/29/2022 22:23","5/29/2022 22:24",0,100,84,1,"5/29/2022 22:24","R_zYd56OejhCveETf",NA,NA,NA,NA,246,246,"anonymous","EN",1,2,2,NA,NA,NA,NA,NA,NA,100,100,92,2,1,2,"",1,"",35,5,"","","cmc_9","buffett"
"5/30/2022 6:04","5/30/2022 6:07",0,100,211,1,"5/30/2022 6:07","R_yD31dLfB3xmhnBT",NA,NA,NA,NA,247,247,"anonymous","EN",1,2,2,NA,NA,NA,NA,NA,NA,80,77,20,1,1,1,"",2,"",24,5,"","","cmc_9","buffett"
"5/30/2022 6:24","5/30/2022 6:26",0,100,173,1,"5/30/2022 6:26","R_1DYHEhxDR1W74Tf",NA,NA,NA,NA,248,248,"anonymous","EN",1,2,2,NA,NA,NA,NA,NA,NA,82,99,49,2,1,2,"",1,"",62,3,"","","cmc_9","buffett"
"5/30/2022 6:48","5/30/2022 6:52",0,100,187,1,"5/30/2022 6:52","R_24pa481NYCWdEyx",NA,NA,NA,NA,249,249,"anonymous","EN",1,2,2,NA,NA,NA,NA,70,85,NA,NA,15,1,4,2,"",2,"",36,5,"","n/a","cmc_9","musk"
"5/30/2022 7:26","5/30/2022 7:30",0,100,198,1,"5/30/2022 7:30","R_1hXdEsp1IGi37PT",NA,NA,NA,NA,250,250,"anonymous","EN",1,2,2,NA,NA,NA,NA,NA,NA,70,50,50,2,1,2,"",1,"",37,4,"","","cmc_9","buffett"
"5/30/2022 7:49","5/30/2022 7:52",0,100,166,1,"5/30/2022 7:52","R_2e88GNrGWqaY7je",NA,NA,NA,NA,251,251,"anonymous","EN",1,2,2,NA,NA,NA,NA,60,50,NA,NA,40,1,4,2,"",4,"",31,4,"","","cmc_9","musk"
"5/30/2022 11:21","5/30/2022 11:22",0,100,72,1,"5/30/2022 11:23","R_2VItMUdrPUoRccN",NA,NA,NA,NA,252,252,"anonymous","EN",1,2,2,NA,NA,NA,NA,20,50,NA,NA,1,1,4,2,"",1,"",31,4,"","","cmc_9","musk"
"5/30/2022 11:45","5/30/2022 11:48",0,100,172,1,"5/30/2022 11:48","R_3Em6BBkNP9JW2xO",NA,NA,NA,NA,253,253,"anonymous","EN",1,2,2,NA,NA,NA,NA,NA,NA,58,72,30,2,1,2,"",1,"",44,4,"","Companies should have pro community ideas as a whole but not align themselves to any political party or ideology.","cmc_9","buffett"
"5/30/2022 12:41","5/30/2022 12:44",0,100,225,1,"5/30/2022 12:44","R_2rineAHtotg5nSE",NA,NA,NA,NA,254,254,"anonymous","EN",1,2,2,NA,NA,NA,NA,NA,NA,100,45,70,2,1,2,"",1,"",64,5,"","","cmc_9","buffett"
"5/30/2022 12:56","5/30/2022 12:58",0,100,74,1,"5/30/2022 12:58","R_24vx7Ivk5vZnvmV",NA,NA,NA,NA,255,255,"anonymous","EN",1,2,2,NA,NA,NA,NA,0,0,NA,NA,50,1,4,1,"",1,"",27,2,"","","cmc_9","musk"
"5/30/2022 14:29","5/30/2022 14:33",0,100,224,1,"5/30/2022 14:33","R_2fv1gL9IWKwgtWc",NA,NA,NA,NA,256,256,"anonymous","EN",1,2,2,NA,NA,NA,NA,50,50,NA,NA,30,1,4,1,"",4,"",39,2,"","none","cmc_9","musk"
"5/30/2022 14:37","5/30/2022 14:39",0,100,88,1,"5/30/2022 14:39","R_3kzZGK0ZIZFfWHD",NA,NA,NA,NA,257,257,"anonymous","EN",1,2,2,NA,NA,NA,NA,NA,NA,51,51,0,2,1,2,"",1,"",31,4,"","","cmc_9","buffett"
"5/30/2022 15:09","5/30/2022 15:11",0,100,113,1,"5/30/2022 15:11","R_3ijQcaIedmyxpzZ",NA,NA,NA,NA,258,258,"anonymous","EN",1,2,2,NA,NA,NA,NA,1,0,NA,NA,49,1,4,1,"",2,"",20,4,"","","cmc_9","musk"
"5/30/2022 15:11","5/30/2022 15:13",0,100,135,1,"5/30/2022 15:13","R_24wpDzJSr34bYSB",NA,NA,NA,NA,259,259,"anonymous","EN",1,2,2,NA,NA,NA,NA,NA,NA,100,100,80,2,1,1,"",1,"",62,6,"","","cmc_9","buffett"
"5/30/2022 15:29","5/30/2022 15:31",0,100,106,1,"5/30/2022 15:31","R_2xFyYJo8N72oVF8",NA,NA,NA,NA,260,260,"anonymous","EN",1,2,2,NA,NA,NA,NA,81,95,NA,NA,4,1,1,1,"",2,"",56,5,"","","cmc_9","musk"
"5/30/2022 15:27","5/30/2022 15:32",0,100,279,1,"5/30/2022 15:32","R_3rSaphAoIfQmUTQ",NA,NA,NA,NA,261,261,"anonymous","EN",1,2,2,NA,NA,NA,NA,NA,NA,0,50,40,2,1,2,"",2,"",36,5,"","","cmc_9","buffett"
"5/30/2022 15:30","5/30/2022 15:33",0,100,150,1,"5/30/2022 15:33","R_1OjW4kf7eyvviuR",NA,NA,NA,NA,262,262,"anonymous","EN",1,2,2,NA,NA,NA,NA,0,0,NA,NA,72,1,4,2,"",1,"",50,4,"","None","cmc_9","musk"
"5/30/2022 15:34","5/30/2022 15:36",0,100,108,1,"5/30/2022 15:36","R_1IclVxwrejYobJX",NA,NA,NA,NA,263,263,"anonymous","EN",1,2,2,NA,NA,NA,NA,NA,NA,50,59,0,2,1,1,"",1,"",31,5,"","","cmc_9","buffett"
"5/30/2022 15:36","5/30/2022 15:38",0,100,66,1,"5/30/2022 15:38","R_wMpkvQl612YWUI9",NA,NA,NA,NA,264,264,"anonymous","EN",1,2,2,NA,NA,NA,NA,NA,NA,21,50,1,2,1,2,"",1,"",36,4,"","","cmc_9","buffett"
"5/30/2022 15:37","5/30/2022 15:38",0,100,80,1,"5/30/2022 15:38","R_6lmYztho3hNinVT",NA,NA,NA,NA,265,265,"anonymous","EN",1,2,2,NA,NA,NA,NA,50,32,NA,NA,32,1,4,2,"",1,"",41,4,"","","cmc_9","musk"
"5/30/2022 15:50","5/30/2022 15:52",0,100,147,1,"5/30/2022 15:52","R_1GUONv3EggVSwPa",NA,NA,NA,NA,266,266,"anonymous","EN",1,2,2,NA,NA,NA,NA,13,49,NA,NA,21,1,4,2,"",1,"",40,5,"","","cmc_9","musk"
"5/30/2022 15:56","5/30/2022 15:59",0,100,128,1,"5/30/2022 15:59","R_6zhb5am5viBKSIx",NA,NA,NA,NA,267,267,"anonymous","EN",1,2,2,NA,NA,NA,NA,NA,NA,10,23,0,2,1,1,"",1,"",33,4,"","","cmc_9","buffett"
"5/30/2022 15:59","5/30/2022 16:02",0,100,158,1,"5/30/2022 16:02","R_1FPrcbh1ATu0sGQ",NA,NA,NA,NA,268,268,"anonymous","EN",1,2,2,NA,NA,NA,NA,100,100,NA,NA,25,1,4,1,"",2,"",67,2,"","","cmc_9","musk"
"5/30/2022 16:00","5/30/2022 16:02",0,100,100,1,"5/30/2022 16:02","R_1mOcdjbDikejTtG",NA,NA,NA,NA,269,269,"anonymous","EN",1,2,2,NA,NA,NA,NA,NA,NA,20,62,51,2,1,1,"",1,"",53,6,"","","cmc_9","buffett"
"5/30/2022 16:13","5/30/2022 16:15",0,100,142,1,"5/30/2022 16:15","R_20YhiVxe6yh8TLj",NA,NA,NA,NA,270,270,"anonymous","EN",1,2,2,NA,NA,NA,NA,8,74,NA,NA,50,1,4,2,"",1,"",45,3,"","","cmc_9","musk"
"5/30/2022 16:17","5/30/2022 16:19",0,100,104,1,"5/30/2022 16:19","R_2qaTF7hdXiT4xwf",NA,NA,NA,NA,271,271,"anonymous","EN",1,2,2,NA,NA,NA,NA,NA,NA,0,0,40,2,1,1,"",1,"",44,4,"","","cmc_9","buffett"
"5/30/2022 16:24","5/30/2022 16:26",0,100,130,1,"5/30/2022 16:26","R_3eeMAibjsqWntv9",NA,NA,NA,NA,272,272,"anonymous","EN",1,2,2,NA,NA,NA,NA,NA,NA,80,100,25,2,1,1,"",3,"",52,5,"","","cmc_9","buffett"
"5/30/2022 16:33","5/30/2022 16:34",0,100,75,1,"5/30/2022 16:34","R_2xz5PDwm0c5wk2n",NA,NA,NA,NA,273,273,"anonymous","EN",1,2,2,NA,NA,NA,NA,63,73,NA,NA,68,1,5,1,"",1,"",36,4,"","thnaks","cmc_9","musk"
"5/30/2022 16:34","5/30/2022 16:36",0,100,85,1,"5/30/2022 16:36","R_23quIEIJxksUfRL",NA,NA,NA,NA,274,274,"anonymous","EN",1,2,2,NA,NA,NA,NA,NA,NA,57,100,45,2,1,1,"",1,"",29,8,"","","cmc_9","buffett"
"5/30/2022 16:38","5/30/2022 16:40",0,100,104,1,"5/30/2022 16:40","R_1IhideHVo2g5jVe",NA,NA,NA,NA,275,275,"anonymous","EN",1,2,2,NA,NA,NA,NA,0,0,NA,NA,70,1,4,1,"",2,"",29,5,"","","cmc_9","musk"
"5/30/2022 16:44","5/30/2022 16:45",0,100,69,1,"5/30/2022 16:45","R_2waE6HvyOdF9mwV",NA,NA,NA,NA,276,276,"anonymous","EN",1,2,2,NA,NA,NA,NA,NA,NA,0,56,18,2,1,2,"",1,"",25,5,"","","cmc_9","buffett"
"5/30/2022 16:55","5/30/2022 16:57",0,100,126,1,"5/30/2022 16:57","R_27UJnDRele0vCoT",NA,NA,NA,NA,277,277,"anonymous","EN",1,2,2,NA,NA,NA,NA,0,0,NA,NA,86,1,4,1,"",1,"",67,5,"","","cmc_9","musk"
"5/30/2022 17:05","5/30/2022 17:07",0,100,116,1,"5/30/2022 17:07","R_tEa12HVuVCr0pJ7",NA,NA,NA,NA,278,278,"anonymous","EN",1,2,2,NA,NA,NA,NA,0,50,NA,NA,20,1,4,1,"",3,"",24,6,"","","cmc_9","musk"
"5/30/2022 17:06","5/30/2022 17:11",0,100,305,1,"5/30/2022 17:11","R_307udn5bNXHqBfZ",NA,NA,NA,NA,279,279,"anonymous","EN",1,2,2,NA,NA,NA,NA,NA,NA,100,90,90,2,1,1,"",1,"",41,5,"","","cmc_9","buffett"
"5/30/2022 17:12","5/30/2022 17:15",0,100,158,1,"5/30/2022 17:15","R_vAcLRv18hbsmfdL",NA,NA,NA,NA,280,280,"anonymous","EN",1,2,2,NA,NA,NA,NA,59,39,NA,NA,12,1,4,1,"",1,"",28,5,"","","cmc_9","musk"
"5/30/2022 17:38","5/30/2022 17:40",0,100,99,1,"5/30/2022 17:40","R_2eWMySfTM0UIUb5",NA,NA,NA,NA,281,281,"anonymous","EN",1,2,2,NA,NA,NA,NA,NA,NA,20,90,50,2,1,2,"",1,"",27,5,"","","cmc_9","buffett"
"5/30/2022 17:40","5/30/2022 17:43",0,100,192,1,"5/30/2022 17:43","R_dhsQ8vtKDJArtLz",NA,NA,NA,NA,282,282,"anonymous","EN",1,2,2,NA,NA,NA,NA,NA,NA,90,100,25,2,1,1,"",1,"",38,5,"","","cmc_9","buffett"
"5/30/2022 17:59","5/30/2022 18:01",0,100,104,1,"5/30/2022 18:01","R_3PY8ttitQbTigDi",NA,NA,NA,NA,283,283,"anonymous","EN",1,2,2,NA,NA,NA,NA,1,1,NA,NA,100,1,4,2,"",1,"",44,4,"","","cmc_9","musk"
"5/30/2022 18:16","5/30/2022 18:18",0,100,115,1,"5/30/2022 18:18","R_pDBPr4G0gkeohaN",NA,NA,NA,NA,284,284,"anonymous","EN",1,2,2,NA,NA,NA,NA,50,21,NA,NA,50,1,4,1,"",2,"",22,2,"","","cmc_9","musk"
"5/30/2022 18:19","5/30/2022 18:20",0,100,73,1,"5/30/2022 18:20","R_0iyYVeJ76UWq9TX",NA,NA,NA,NA,285,285,"anonymous","EN",1,2,2,NA,NA,NA,NA,NA,NA,30,55,19,2,1,2,"",1,"",43,8,"","","cmc_9","buffett"
"5/30/2022 18:36","5/30/2022 18:37",0,100,98,1,"5/30/2022 18:37","R_scVzPAGOXq382cx",NA,NA,NA,NA,286,286,"anonymous","EN",1,2,2,NA,NA,NA,NA,NA,NA,60,92,60,2,1,1,"",1,"",48,7,"","","cmc_9","buffett"
"5/30/2022 18:43","5/30/2022 18:46",0,100,149,1,"5/30/2022 18:46","R_1IddafTOUb0BvGU",NA,NA,NA,NA,287,287,"anonymous","EN",1,2,2,NA,NA,NA,NA,20,25,NA,NA,30,1,4,1,"",3,"",34,7,"","","cmc_9","musk"
"5/30/2022 18:50","5/30/2022 18:52",0,100,132,1,"5/30/2022 18:52","R_1meCTT33szCUY8j",NA,NA,NA,NA,288,288,"anonymous","EN",1,2,2,NA,NA,NA,NA,NA,NA,50,70,10,2,1,2,"",1,"",42,5,"","I wish you would have also asked my opinions about Elon Musk buying Twitter and ""reducing"" censorship. This is going to be a very one-sided survey if you draw all your conclusions solely about this hypothetical scenario without also soliciting feedback about the real life one.","cmc_9","buffett"
"5/30/2022 18:57","5/30/2022 18:58",0,100,90,1,"5/30/2022 18:58","R_1Fy9VWhWKLLwpsV",NA,NA,NA,NA,289,289,"anonymous","EN",1,2,2,NA,NA,NA,NA,0,10,NA,NA,35,1,4,2,"",1,"",28,5,"","Thank you for the opportunity!","cmc_9","musk"
"5/30/2022 18:58","5/30/2022 19:01",0,100,157,1,"5/30/2022 19:01","R_2WNkbxnQ18AjySD",NA,NA,NA,NA,290,290,"anonymous","EN",1,2,2,NA,NA,NA,NA,0,0,NA,NA,100,1,4,2,"",1,"",25,4,"","none","cmc_9","musk"
"5/30/2022 19:03","5/30/2022 19:04",0,100,87,1,"5/30/2022 19:04","R_1QnnBDBKWHpoiXV",NA,NA,NA,NA,291,291,"anonymous","EN",1,2,2,NA,NA,NA,NA,0,59,NA,NA,50,1,4,1,"",3,"",27,5,"","","cmc_9","musk"
"5/30/2022 19:02","5/30/2022 19:05",0,100,149,1,"5/30/2022 19:05","R_3rUr4U8BRJ7DjsC",NA,NA,NA,NA,292,292,"anonymous","EN",1,2,2,NA,NA,NA,NA,NA,NA,50,50,50,2,1,1,"",3,"",30,2,"","","cmc_9","buffett"
"5/30/2022 19:10","5/30/2022 19:13",0,100,133,1,"5/30/2022 19:13","R_YStzz2aAS6Viu5j",NA,NA,NA,NA,293,293,"anonymous","EN",1,2,2,NA,NA,NA,NA,NA,NA,10,30,15,2,1,2,"",1,"",36,5,"","","cmc_9","buffett"
"5/30/2022 19:10","5/30/2022 19:13",0,100,199,1,"5/30/2022 19:13","R_SSOPuWkhzEq2cHn",NA,NA,NA,NA,294,294,"anonymous","EN",1,2,1,15,30,42,1,50,20,NA,NA,30,1,4,1,"",1,"",43,5,"","","cmc_9","musk"
"5/30/2022 19:18","5/30/2022 19:20",0,100,109,1,"5/30/2022 19:20","R_2AGSyk046gG4qEf",NA,NA,NA,NA,295,295,"anonymous","EN",1,2,2,NA,NA,NA,NA,NA,NA,50,71,77,2,1,1,"",4,"",25,5,"","","cmc_9","buffett"
"5/30/2022 19:21","5/30/2022 19:23",0,100,65,1,"5/30/2022 19:23","R_0ceQHeGjLoylW3D",NA,NA,NA,NA,296,296,"anonymous","EN",1,2,2,NA,NA,NA,NA,12,36,NA,NA,31,1,4,1,"",1,"",24,5,"","","cmc_9","musk"
"5/30/2022 19:21","5/30/2022 19:23",0,100,78,1,"5/30/2022 19:23","R_2pRAqPThjrRympR",NA,NA,NA,NA,297,297,"anonymous","EN",1,2,2,NA,NA,NA,NA,NA,NA,5,20,5,2,1,2,"",1,"",24,6,"","","cmc_9","buffett"
"5/30/2022 19:29","5/30/2022 19:31",0,100,146,1,"5/30/2022 19:31","R_UQN34JntOsqyC3v",NA,NA,NA,NA,298,298,"anonymous","EN",1,2,2,NA,NA,NA,NA,NA,NA,70,81,60,2,1,2,"",1,"",36,4,"","","cmc_9","buffett"
"5/30/2022 19:59","5/30/2022 20:00",0,100,114,1,"5/30/2022 20:00","R_sGVX3m8vN63phMR",NA,NA,NA,NA,299,299,"anonymous","EN",1,2,2,NA,NA,NA,NA,75,30,NA,NA,50,1,4,2,"",1,"",55,5,"","","cmc_9","musk"
"5/30/2022 20:01","5/30/2022 20:03",0,100,94,1,"5/30/2022 20:03","R_11ZsCQv6Q538Sxq",NA,NA,NA,NA,300,300,"anonymous","EN",1,2,2,NA,NA,NA,NA,NA,NA,65,87,75,2,1,1,"",1,"",39,5,"","","cmc_9","buffett"
"5/30/2022 20:03","5/30/2022 20:04",0,100,81,1,"5/30/2022 20:04","R_1n8dYrGg5aArrTG",NA,NA,NA,NA,301,301,"anonymous","EN",1,2,2,NA,NA,NA,NA,39,51,NA,NA,42,1,1,2,"",1,"",26,6,"","","cmc_9","musk"
"5/30/2022 20:06","5/30/2022 20:08",0,100,117,1,"5/30/2022 20:08","R_2aTUjOSkKx3eXHb",NA,NA,NA,NA,302,302,"anonymous","EN",1,2,2,NA,NA,NA,NA,NA,NA,52,32,1,2,1,2,"",1,"",28,5,"","","cmc_9","buffett"
"5/30/2022 20:19","5/30/2022 20:21",0,100,128,1,"5/30/2022 20:21","R_1CKmjXAzpMgDV8C",NA,NA,NA,NA,303,303,"anonymous","EN",1,2,2,NA,NA,NA,NA,10,20,NA,NA,30,1,5,1,"",4,"",32,6,"","","cmc_9","musk"
"5/30/2022 20:20","5/30/2022 20:22",0,100,108,1,"5/30/2022 20:22","R_2q4SB1brnlHNQYn",NA,NA,NA,NA,304,304,"anonymous","EN",1,2,2,NA,NA,NA,NA,NA,NA,91,79,67,2,1,1,"",1,"",36,5,"","","cmc_9","buffett"
"5/30/2022 20:25","5/30/2022 20:27",0,100,111,1,"5/30/2022 20:27","R_T7c1I4dtqoAFAsN",NA,NA,NA,NA,305,305,"anonymous","EN",1,2,2,NA,NA,NA,NA,91,70,NA,NA,0,1,4,4,"Nonbinary",1,"",24,5,"","","cmc_9","musk"
"5/30/2022 20:47","5/30/2022 20:51",0,100,230,1,"5/30/2022 20:51","R_1JLRLES8RvXuiSD",NA,NA,NA,NA,306,306,"anonymous","EN",1,2,2,NA,NA,NA,NA,NA,NA,0,75,100,2,5,2,"",1,"",35,2,"","I do not have any comments.","cmc_9","buffett"
"5/30/2022 21:11","5/30/2022 21:13",0,100,138,1,"5/30/2022 21:13","R_3Pu8HOu6A5OIhCr",NA,NA,NA,NA,307,307,"anonymous","EN",1,2,2,NA,NA,NA,NA,0,0,NA,NA,50,1,4,1,"",2,"",49,4,"","","cmc_9","musk"
"5/30/2022 21:35","5/30/2022 21:37",0,100,118,1,"5/30/2022 21:37","R_2duU8TamYNe8Kvi",NA,NA,NA,NA,308,308,"anonymous","EN",1,2,2,NA,NA,NA,NA,0,0,NA,NA,100,1,4,2,"",1,"",57,1,"","","cmc_9","musk"
"5/30/2022 21:38","5/30/2022 21:39",0,100,72,1,"5/30/2022 21:39","R_ebxC5iqvujVz2i5",NA,NA,NA,NA,309,309,"anonymous","EN",1,2,2,NA,NA,NA,NA,NA,NA,73,98,0,2,1,2,"",3,"",30,7,"","","cmc_9","buffett"
"5/30/2022 21:57","5/30/2022 22:04",0,100,378,1,"5/30/2022 22:04","R_3EZpjqc6hrEAsK8",NA,NA,NA,NA,310,310,"anonymous","EN",1,1,2,15,20,30,1,NA,NA,20,25,40,2,1,2,"",1,"",64,5,"","","cmc_9","buffett"
"5/30/2022 22:01","5/30/2022 22:04",0,100,215,1,"5/30/2022 22:04","R_3CD8z4PPo4lk0kz",NA,NA,NA,NA,311,311,"anonymous","EN",1,2,2,NA,NA,NA,NA,56,52,NA,NA,3,1,4,2,"",1,"",41,5,"","","cmc_9","musk"
"5/30/2022 22:25","5/30/2022 22:26",0,100,88,1,"5/30/2022 22:26","R_1pGufdbGJxftqnl",NA,NA,NA,NA,312,312,"anonymous","EN",1,2,2,NA,NA,NA,NA,10,60,NA,NA,25,1,4,1,"",1,"",27,6,"","N/A","cmc_9","musk"
"5/30/2022 22:52","5/30/2022 22:54",0,100,94,1,"5/30/2022 22:54","R_3L6hblwZAM3SA5D",NA,NA,NA,NA,313,313,"anonymous","EN",1,2,2,NA,NA,NA,NA,NA,NA,0,70,90,2,1,1,"",1,"",35,6,"","","cmc_9","buffett"
"5/30/2022 23:39","5/30/2022 23:41",0,100,150,1,"5/30/2022 23:41","R_RK3GfUjqR2K0sdb",NA,NA,NA,NA,314,314,"anonymous","EN",1,2,2,NA,NA,NA,NA,100,100,NA,NA,50,1,4,1,"",3,"",31,5,"","","cmc_9","musk"
"5/31/2022 1:03","5/31/2022 1:06",0,100,181,1,"5/31/2022 1:06","R_32Rgc6GQ7hjcHle",NA,NA,NA,NA,315,315,"anonymous","EN",1,2,2,NA,NA,NA,NA,NA,NA,95,60,10,2,1,2,"",1,"",69,5,"","","cmc_9","buffett"
"5/31/2022 3:14","5/31/2022 3:15",0,100,78,1,"5/31/2022 3:15","R_sYmbdymuuJLSaKl",NA,NA,NA,NA,316,316,"anonymous","EN",1,2,2,NA,NA,NA,NA,31,14,NA,NA,27,1,4,2,"",1,"",30,5,"","","cmc_9","musk"
"5/31/2022 4:39","5/31/2022 4:41",0,100,116,1,"5/31/2022 4:41","R_25zTYpxiiSpKpgI",NA,NA,NA,NA,317,317,"anonymous","EN",1,2,2,NA,NA,NA,NA,NA,NA,92,100,50,2,1,2,"",2,"",43,6,"","","cmc_9","buffett"
"5/31/2022 4:47","5/31/2022 4:48",0,100,108,1,"5/31/2022 4:48","R_ZDJ2cLHxFptc55D",NA,NA,NA,NA,318,318,"anonymous","EN",1,2,2,NA,NA,NA,NA,100,96,NA,NA,10,1,4,2,"",1,"",48,6,"","","cmc_9","musk"
"5/31/2022 5:04","5/31/2022 5:06",0,100,80,1,"5/31/2022 5:06","R_1mUFqYsEKDY3Ial",NA,NA,NA,NA,319,319,"anonymous","EN",1,2,2,NA,NA,NA,NA,NA,NA,23,56,61,2,1,2,"",1,"",32,5,"","","cmc_9","buffett"
"5/31/2022 5:11","5/31/2022 5:14",0,100,185,1,"5/31/2022 5:14","R_3HvTmVHzbt56a9p",NA,NA,NA,NA,320,320,"anonymous","EN",1,2,2,NA,NA,NA,NA,0,0,NA,NA,100,1,4,1,"",1,"",57,5,"","Have a great day!","cmc_9","musk"
"5/31/2022 5:26","5/31/2022 5:32",0,100,369,1,"5/31/2022 5:32","R_1jCmXnPUdROyI8p",NA,NA,NA,NA,321,321,"anonymous","EN",1,2,2,NA,NA,NA,NA,NA,NA,40,65,65,2,1,2,"",1,"",61,2,"","I would not close my twitter account unless others on twitter became inflamatory and came on other sites to attack me or my family. I would not be inflamatory as twitter is a site to keep in contact with family members not on other websites. ","cmc_9","buffett"
"5/31/2022 5:33","5/31/2022 5:36",0,100,158,1,"5/31/2022 5:36","R_5o5n5hWuScx7ObT",NA,NA,NA,NA,322,322,"anonymous","EN",1,2,2,NA,NA,NA,NA,NA,NA,59,93,49,2,1,2,"",2,"",31,5,"","","cmc_9","buffett"
"5/24/2022 10:56","5/24/2022 10:57",0,70,53,0,"5/31/2022 10:57","R_rkwlVeAVc5OTGmZ",NA,NA,NA,NA,323,323,"anonymous","EN",1,2,2,NA,NA,NA,NA,NA,NA,70,89,18,NA,NA,NA,"",NA,"",NA,NA,"","","cmc_9","buffett"
"5/24/2022 10:56","5/24/2022 10:57",0,70,57,0,"5/31/2022 10:57","R_AM9X1caZ4FVC5DX",NA,NA,NA,NA,324,324,"anonymous","EN",1,2,2,NA,NA,NA,NA,82,68,NA,NA,28,NA,NA,NA,"",NA,"",NA,NA,"","","cmc_9","musk"
"5/24/2022 12:40","5/24/2022 12:41",0,93,100,0,"5/31/2022 12:41","R_wZT3PBDk0xTY0NP",NA,NA,NA,NA,325,325,"anonymous","EN",1,2,2,NA,NA,NA,NA,4,7,NA,NA,62,1,4,2,"",1,"",53,5,"","","cmc_9","musk"
